qualifyId,raceId,driverId,constructorId,number,position,q1,q2,q3
1,1,1,1,1,1,1:17.018,1:16.521,1:16.983
2,1,5,3,5,2,1:15.147,1:14.674,1:14.442
3,1,4,2,4,3,1:16.398,1:16.492,1:15.541
4,1,8,4,8,4,1:15.200,1:14.730,1:14.006
5,1,3,2,3,5,1:16.575,1:15.075,1:14.642
6,1,2,1,2,6,1:13.245,1:12.139,1:12.807
7,1,10,5,10,7,1:16.202,1:15.407,1:15.209
8,1,6,3,6,8,1:10.560,1:10.367,1:09.238
9,1,7,4,7,9,1:13.988,1:14.076,1:13.815
10,1,12,6,12,10,1:18.895,1:17.406,1:17.286
11,1,9,5,9,11,1:19.887,1:19.411,
12,1,11,6,11,12,1:17.888,1:17.353,
13,1,17,9,17,13,1:14.523,1:14.914,
14,1,18,9,18,14,1:15.804,1:14.715,
15,1,20,10,20,15,1:15.211,1:14.188,
16,1,19,10,19,16,1:14.617,,
17,1,14,7,14,17,1:15.211,,
18,1,13,7,13,18,1:13.936,,
19,1,16,8,16,19,1:17.158,,
20,1,15,8,15,20,1:15.308,,
21,2,2,1,2,1,1:16.028,1:14.650,1:14.436
22,2,1,1,1,2,1:14.806,1:13.874,1:13.199
23,2,6,3,6,3,1:13.498,1:14.281,1:13.309
24,2,7,4,7,4,1:15.700,1:14.045,1:13.242
25,2,5,3,5,5,1:14.726,1:14.369,1:13.439
26,2,4,2,4,6,1:13.723,1:13.633,1:12.113
27,2,3,2,3,7,1:18.702,1:18.974,1:17.025
28,2,11,6,11,8,1:14.910,1:14.107,1:13.972
29,2,12,6,12,9,1:14.008,1:14.525,1:14.130
30,2,9,5,9,10,1:14.953,1:13.068,1:13.842
31,2,17,9,17,11,1:14.026,1:14.627,
32,2,10,5,10,12,1:14.946,1:14.714,
33,2,13,7,13,13,1:12.885,1:12.320,
34,2,8,4,8,14,1:16.159,1:15.463,
35,2,20,10,20,15,1:16.240,1:15.935,
36,2,19,10,19,16,1:15.864,,
37,2,16,8,16,17,1:12.375,,
38,2,15,8,15,18,1:14.349,,
39,2,14,7,14,19,1:16.354,,
40,2,18,9,18,20,1:13.755,,
41,3,1,1,1,1,1:15.482,1:15.698,1:14.795
42,3,4,2,4,2,1:17.434,1:17.702,1:16.217
43,3,11,6,11,3,1:10.279,1:08.622,1:09.091
44,3,2,1,2,4,1:16.347,1:15.236,1:15.764
45,3,10,5,10,5,1:15.380,1:15.824,1:15.514
46,3,3,2,3,6,1:16.517,1:15.466,1:14.896
47,3,5,3,5,7,1:14.500,1:14.240,1:13.169
48,3,6,3,6,8,1:16.089,1:15.403,1:14.517
49,3,20,10,20,9,1:16.102,1:16.861,1:15.387
50,3,12,6,12,10,1:11.961,1:11.791,1:10.141
51,3,16,8,16,11,1:08.931,1:08.874,
52,3,7,4,7,12,1:18.772,1:17.864,
53,3,15,8,15,13,1:14.258,1:14.259,
54,3,18,9,18,14,1:14.080,1:14.366,
55,3,13,7,13,15,1:18.137,1:17.454,
56,3,14,7,14,16,1:13.231,,
57,3,8,4,8,17,1:15.748,,
58,3,9,5,9,18,1:15.317,,
59,3,19,10,19,19,1:18.332,,
60,3,17,9,17,20,1:13.048,,
61,4,1,1,1,1,1:14.406,1:13.452,1:13.832
62,4,4,2,4,2,1:15.105,1:14.235,1:14.637
63,4,7,4,7,3,1:15.322,1:14.260,1:14.611
64,4,6,3,6,4,1:13.383,1:12.479,1:11.304
65,4,2,1,2,5,1:18.432,1:17.882,1:17.425
66,4,5,3,5,6,1:14.304,1:13.765,1:12.421
67,4,3,2,3,7,1:14.256,1:15.734,1:14.452
68,4,10,5,10,8,1:14.958,1:13.017,1:12.106
69,4,8,4,8,9,1:13.723,1:12.245,1:12.797
70,4,14,7,14,10,1:13.677,1:13.037,1:12.490
71,4,12,6,12,11,1:16.726,1:15.555,
72,4,13,7,13,12,1:16.815,1:15.403,
73,4,11,6,11,13,1:17.571,1:17.609,
74,4,20,10,20,14,1:13.729,1:13.255,
75,4,15,8,15,15,1:13.491,1:13.335,
76,4,9,5,9,16,1:13.361,,
77,4,19,10,19,17,1:10.893,,
78,4,18,9,18,18,1:11.123,,
79,4,17,9,17,19,1:14.997,,
80,4,16,8,16,20,1:11.117,,
81,5,2,1,2,1,1:13.462,1:14.144,1:12.164
82,5,6,3,6,2,1:11.962,1:11.925,1:10.597
83,5,10,5,10,3,1:16.062,1:16.031,1:15.598
84,5,3,2,3,4,1:13.018,1:13.356,1:13.418
85,5,5,3,5,5,1:17.853,1:17.493,1:16.790
86,5,12,6,12,6,1:12.333,1:12.228,1:11.322
87,5,1,1,1,7,1:17.266,1:15.684,1:15.927
88,5,19,10,19,8,1:15.142,1:15.140,1:14.564
89,5,4,2,4,9,1:14.849,1:14.214,1:13.732
90,5,11,6,11,10,1:16.578,1:16.626,1:16.368
91,5,9,5,9,11,1:14.032,1:13.798,
92,5,18,9,18,12,1:13.491,1:13.728,
93,5,14,7,14,13,1:15.399,1:14.741,
94,5,7,4,7,14,1:18.224,1:16.142,
95,5,15,8,15,15,1:15.237,1:14.643,
96,5,17,9,17,16,1:13.180,,
97,5,20,10,20,17,1:17.932,,
98,5,16,8,16,18,1:16.273,,
99,5,13,7,13,19,1:14.931,,
100,5,8,4,8,20,1:18.977,,
101,6,1,1,1,1,1:15.716,1:14.811,1:14.498
102,6,5,3,5,2,1:11.731,1:10.191,1:10.744
103,6,2,1,2,3,1:11.392,1:10.953,1:10.022
104,6,6,3,6,4,1:19.081,1:19.108,1:18.262
105,6,4,2,4,5,1:18.004,1:17.285,1:16.789
106,6,7,4,7,6,1:14.597,1:14.739,1:13.385
107,6,3,2,3,7,1:18.793,1:18.357,1:17.375
108,6,11,6,11,8,1:13.357,1:12.184,1:12.287
109,6,10,5,10,9,1:15.030,1:14.292,1:14.172
110,6,8,4,8,10,1:10.402,1:11.682,1:11.442
111,6,19,10,19,11,1:15.705,1:15.393,
112,6,17,9,17,12,1:13.948,1:12.162,
113,6,14,7,14,13,1:14.072,1:13.743,
114,6,18,9,18,14,1:13.579,1:14.445,
115,6,16,8,16,15,1:13.468,1:12.836,
116,6,9,5,9,16,1:13.901,,
117,6,12,6,12,17,1:14.489,,
118,6,20,10,20,18,1:16.118,,
119,6,13,7,13,19,1:14.972,,
120,6,15,8,15,20,1:14.254,,
121,7,4,2,4,1,1:14.558,1:13.863,1:13.873
122,7,2,1,2,2,1:14.790,1:14.933,1:14.552
123,7,1,1,1,3,1:17.955,1:16.742,1:15.448
124,7,3,2,3,4,1:17.935,1:16.351,1:15.107
125,7,6,3,6,5,1:15.383,1:14.022,1:13.701
126,7,11,6,11,6,1:15.499,1:15.827,1:14.482
127,7,5,3,5,7,1:14.386,1:13.943,1:13.777
128,7,14,7,14,8,1:17.187,1:16.345,1:16.351
129,7,19,10,19,9,1:15.680,1:15.035,1:14.756
130,7,9,5,9,10,1:13.461,1:13.044,1:12.494
131,7,8,4,8,11,1:12.107,1:12.709,
132,7,7,4,7,12,1:12.396,1:11.549,
133,7,12,6,12,13,1:14.692,1:14.990,
134,7,16,8,16,14,1:16.465,1:16.340,
135,7,15,8,15,15,1:14.875,1:14.390,
136,7,13,7,13,16,1:10.080,,
137,7,10,5,10,17,1:13.642,,
138,7,17,9,17,18,1:15.862,,
139,7,20,10,20,19,1:18.030,,
140,7,18,9,18,20,1:12.496,,
141,8,4,2,4,1,1:13.109,1:13.685,1:12.495
142,8,5,3,5,2,1:16.901,1:16.351,1:16.462
143,8,6,3,6,3,1:11.653,1:11.594,1:11.388
144,8,11,6,11,4,1:17.337,1:17.897,1:16.883
145,8,1,1,1,5,1:13.327,1:13.020,1:13.096
146,8,12,6,12,6,1:13.545,1:11.598,1:11.031
147,8,18,9,18,7,1:15.032,1:15.898,1:14.387
148,8,7,4,7,8,1:13.901,1:12.791,1:12.882
149,8,19,10,19,9,1:13.008,1:12.039,1:12.468
150,8,2,1,2,10,1:14.776,1:13.927,1:13.450
151,8,3,2,3,11,1:14.897,1:13.961,
152,8,8,4,8,12,1:10.201,1:09.099,
153,8,14,7,14,13,1:13.939,1:13.117,
154,8,16,8,16,14,1:14.672,1:14.018,
155,8,10,5,10,15,1:16.152,1:15.624,
156,8,9,5,9,16,1:17.460,,
157,8,17,9,17,17,1:11.327,,
158,8,13,7,13,18,1:13.208,,
159,8,20,10,20,19,1:14.420,,
160,8,15,8,15,20,1:15.094,,
161,9,5,3,5,1,1:11.601,1:11.837,1:11.826
162,9,1,1,1,2,1:18.051,1:17.178,1:16.277
163,9,6,3,6,3,1:12.237,1:12.465,1:12.120
164,9,4,2,4,4,1:16.071,1:16.090,1:16.548
165,9,3,2,3,5,1:14.169,1:13.271,1:13.917
166,9,12,6,12,6,1:13.650,1:12.819,1:12.238
167,9,19,10,19,7,1:17.868,1:16.522,1:15.650
168,9,2,1,2,8,1:17.168,1:17.610,1:16.581
169,9,11,6,11,9,1:13.945,1:12.625,1:12.705
170,9,17,9,17,10,1:14.026,1:13.704,1:13.496
171,9,20,10,20,11,1:14.760,1:13.984,
172,9,7,4,7,12,1:17.026,1:17.835,
173,9,16,8,16,13,1:11.391,1:12.230,
174,9,10,5,10,14,1:14.005,1:13.328,
175,9,18,9,18,15,1:16.538,1:16.736,
176,9,15,8,15,16,1:17.442,,
177,9,13,7,13,17,1:16.873,,
178,9,8,4,8,18,1:19.023,,
179,9,14,7,14,19,1:17.604,,
180,9,9,5,9,20,1:14.998,,
181,10,2,1,2,1,1:17.951,1:18.917,1:18.227
182,10,3,2,3,2,1:11.911,1:11.890,1:10.041
183,10,4,2,4,3,1:13.870,1:13.958,1:12.032
184,10,1,1,1,4,1:16.608,1:15.038,1:15.172
185,10,5,3,5,5,1:16.021,1:15.004,1:15.650
186,10,6,3,6,6,1:13.666,1:13.799,1:12.316
187,10,9,5,9,7,1:17.041,1:17.760,1:16.294
188,10,10,5,10,8,1:15.205,1:14.414,1:14.953
189,10,7,4,7,9,1:12.847,1:10.078,1:10.414
190,10,13,7,13,10,1:17.090,1:16.865,1:16.812
191,10,11,6,11,11,1:14.709,1:14.319,
192,10,8,4,8,12,1:12.311,1:13.531,
193,10,12,6,12,13,1:15.342,1:14.905,
194,10,19,10,19,14,1:18.320,1:18.097,
195,10,18,9,18,15,1:17.499,1:17.772,
196,10,16,8,16,16,1:15.354,,
197,10,15,8,15,17,1:18.852,,
198,10,17,9,17,18,1:16.557,,
199,10,14,7,14,19,1:12.643,,
200,10,20,10,20,20,1:11.474,,
201,11,4,2,4,1,1:15.072,1:16.122,1:14.956
202,11,2,1,2,2,1:16.901,1:16.038,1:16.920
203,11,5,3,5,3,1:17.156,1:16.871,1:15.776
204,11,6,3,6,4,1:16.872,1:13.025,1:13.006
205,11,3,2,3,5,1:11.258,1:11.328,1:11.453
206,11,1,1,1,6,1:14.122,1:14.978,1:13.983
207,11,11,6,11,7,1:15.121,1:15.449,1:14.726
208,11,10,5,10,8,1:14.336,1:14.607,1:13.512
209,11,8,4,8,9,1:14.640,1:12.690,1:11.097
210,11,12,6,12,10,1:16.975,1:15.445,1:15.869
211,11,16,8,16,11,1:14.360,1:13.781,
212,11,17,9,17,12,1:17.681,1:17.593,
213,11,7,4,7,13,1:12.048,1:12.451,
214,11,18,9,18,14,1:10.271,1:10.430,
215,11,9,5,9,15,1:17.797,1:16.585,
216,11,20,10,20,16,1:18.705,,
217,11,13,7,13,17,1:12.436,,
218,11,14,7,14,18,1:15.803,,
219,11,15,8,15,19,1:17.599,,
220,11,19,10,19,20,1:17.069,,
221,12,2,1,2,1,1:13.766,1:13.895,1:12.575
222,12,3,2,3,2,1:15.415,1:15.339,1:14.795
223,12,5,3,5,3,1:13.976,1:13.058,1:12.151
224,12,1,1,1,4,1:15.557,1:15.473,1:14.845
225,12,4,2,4,5,1:14.432,1:15.002,1:14.257
226,12,6,3,6,6,1:17.288,1:16.205,1:15.042
227,12,7,4,7,7,1:16.371,1:16.231,1:15.163
228,12,11,6,11,8,1:15.299,1:14.946,1:14.912
229,12,12,6,12,9,1:17.633,1:17.585,1:16.027
230,12,8,4,8,10,1:17.079,1:17.036,1:16.010
231,12,17,9,17,11,1:14.563,1:13.373,
232,12,10,5,10,12,1:16.020,1:16.148,
233,12,9,5,9,13,1:14.540,1:13.974,
234,12,14,7,14,14,1:16.377,1:16.921,
235,12,18,9,18,15,1:13.341,1:12.166,
236,12,19,10,19,16,1:17.583,,
237,12,16,8,16,17,1:11.347,,
238,12,15,8,15,18,1:15.606,,
239,12,13,7,13,19,1:15.738,,
240,12,20,10,20,20,1:15.218,,
241,13,4,2,4,1,1:15.586,1:15.581,1:14.594
242,13,1,1,1,2,1:16.501,1:15.034,1:15.624
243,13,6,3,6,3,1:14.781,1:14.141,1:13.172
244,13,12,6,12,4,1:16.976,1:15.444,1:15.341
245,13,3,2,3,5,1:18.117,1:16.449,1:16.767
246,13,18,9,18,6,1:16.716,1:16.076,1:15.420
247,13,5,3,5,7,1:18.023,1:18.469,1:17.743
248,13,11,6,11,8,1:15.328,1:15.454,1:14.294
249,13,14,7,14,9,1:13.590,1:12.856,1:12.838
250,13,2,1,2,10,1:17.832,1:18.780,1:17.117
251,13,7,4,7,11,1:13.391,1:13.442,
252,13,17,9,17,12,1:16.425,1:15.249,
253,13,20,10,20,13,1:16.784,1:15.119,
254,13,10,5,10,14,1:19.581,1:18.432,
255,13,19,10,19,15,1:12.272,1:11.863,
256,13,16,8,16,16,1:15.704,,
257,13,13,7,13,17,1:14.788,,
258,13,9,5,9,18,1:13.180,,
259,13,15,8,15,19,1:13.093,,
260,13,8,4,8,20,1:10.985,,
261,14,4,2,4,1,1:12.384,1:12.739,1:11.424
262,14,2,1,2,2,1:14.752,1:14.470,1:14.703
263,14,5,3,5,3,1:13.861,1:12.455,1:12.321
264,14,3,2,3,4,1:15.057,1:16.727,1:15.573
265,14,1,1,1,5,1:14.077,1:14.960,1:13.653
266,14,10,5,10,6,1:18.810,1:17.751,1:17.234
267,14,12,6,12,7,1:14.876,1:13.508,1:13.626
268,14,6,3,6,8,1:14.088,1:14.845,1:13.110
269,14,9,5,9,9,1:14.032,1:13.744,1:12.488
270,14,11,6,11,10,1:14.538,1:15.567,1:15.120
271,14,20,10,20,11,1:12.620,1:12.991,
272,14,7,4,7,12,1:09.762,1:09.336,
273,14,19,10,19,13,1:14.376,1:13.003,
274,14,18,9,18,14,1:13.836,1:13.770,
275,14,13,7,13,15,1:16.524,1:15.979,
276,14,17,9,17,16,1:13.263,,
277,14,14,7,14,17,1:11.377,,
278,14,8,4,8,18,1:14.510,,
279,14,16,8,16,19,1:13.544,,
280,14,15,8,15,20,1:21.537,,
281,15,3,2,3,1,1:14.472,1:13.675,1:13.779
282,15,1,1,1,2,1:17.972,1:16.527,1:15.679
283,15,4,2,4,3,1:13.391,1:13.401,1:12.479
284,15,5,3,5,4,1:14.378,1:13.329,1:12.102
285,15,12,6,12,5,1:16.086,1:15.580,1:15.379
286,15,2,1,2,6,1:16.259,1:16.383,1:16.825
287,15,6,3,6,7,1:16.378,1:15.460,1:15.055
288,15,10,5,10,8,1:20.148,1:20.767,1:19.280
289,15,11,6,11,9,1:15.029,1:14.729,1:13.421
290,15,9,5,9,10,1:15.754,1:15.884,1:14.804
291,15,16,8,16,11,1:13.859,1:13.963,
292,15,7,4,7,12,1:14.032,1:14.117,
293,15,8,4,8,13,1:14.670,1:13.794,
294,15,13,7,13,14,1:16.158,1:15.490,
295,15,17,9,17,15,1:18.866,1:17.835,
296,15,18,9,18,16,1:14.396,,
297,15,19,10,19,17,1:14.119,,
298,15,20,10,20,18,1:20.656,,
299,15,15,8,15,19,1:18.895,,
300,15,14,7,14,20,1:20.623,,
301,16,2,1,2,1,1:15.701,1:14.122,1:13.700
302,16,1,1,1,2,1:13.705,1:13.923,1:13.734
303,16,6,3,6,3,1:12.476,1:13.293,1:13.953
304,16,5,3,5,4,1:15.313,1:14.184,1:14.546
305,16,4,2,4,5,1:12.541,1:11.982,1:11.639
306,16,3,2,3,6,1:15.247,1:13.360,1:13.348
307,16,16,8,16,7,1:11.013,1:10.044,1:10.037
308,16,12,6,12,8,1:14.814,1:14.622,1:13.881
309,16,10,5,10,9,1:11.930,1:11.794,1:11.628
310,16,9,5,9,10,1:16.066,1:15.659,1:14.493
311,16,11,6,11,11,1:16.791,1:16.696,
312,16,18,9,18,12,1:13.747,1:13.313,
313,16,8,4,8,13,1:14.215,1:14.048,
314,16,20,10,20,14,1:12.769,1:13.672,
315,16,19,10,19,15,1:11.259,1:11.850,
316,16,17,9,17,16,1:13.535,,
317,16,13,7,13,17,1:16.024,,
318,16,7,4,7,18,1:14.226,,
319,16,14,7,14,19,1:11.131,,
320,16,15,8,15,20,1:13.589,,
321,17,1,1,1,1,1:13.795,1:12.805,1:12.592
322,17,5,3,5,2,1:15.134,1:15.089,1:14.205
323,17,2,1,2,3,1:15.854,1:14.991,1:13.971
324,17,12,6,12,4,1:15.808,1:14.848,1:14.122
325,17,11,6,11,5,1:13.895,1:12.527,1:13.139
326,17,4,2,4,6,1:14.877,1:15.388,1:14.510
327,17,3,2,3,7,1:14.232,1:14.259,1:14.307
328,17,6,3,6,8,1:15.342,1:15.446,1:15.037
329,17,19,10,19,9,1:17.972,1:16.037,1:16.154
330,17,9,5,9,10,1:18.590,1:16.524,1:16.369
331,17,10,5,10,11,1:16.540,1:16.511,
332,17,7,4,7,12,1:14.832,1:14.611,
333,17,13,7,13,13,1:19.780,1:18.861,
334,17,16,8,16,14,1:15.309,1:14.105,
335,17,17,9,17,15,1:13.995,1:12.965,
336,17,18,9,18,16,1:16.950,,
337,17,14,7,14,17,1:12.952,,
338,17,8,4,8,18,1:13.099,,
339,17,20,10,20,19,1:19.883,,
340,17,15,8,15,20,1:12.988,,
341,18,4,2,4,1,1:13.327,1:13.723,1:12.073
342,18,1,1,1,2,1:16.686,1:14.567,1:14.496
343,18,3,2,3,3,1:19.450,1:19.308,1:18.356
344,18,6,3,6,4,1:14.913,1:13.266,1:12.562
345,18,2,1,2,5,1:13.584,1:13.930,1:12.438
346,18,5,3,5,6,1:15.256,1:14.922,1:15.812
347,18,19,10,19,7,1:17.501,1:15.740,1:15.763
348,18,11,6,11,8,1:14.626,1:14.679,1:13.495
349,18,7,4,7,9,1:17.829,1:16.420,1:16.224
350,18,12,6,12,10,1:16.374,1:15.702,1:15.986
351,18,10,5,10,11,1:16.116,1:15.942,
352,18,15,8,15,12,1:16.710,1:15.215,
353,18,18,9,18,13,1:13.134,1:13.042,
354,18,17,9,17,14,1:16.384,1:15.158,
355,18,13,7,13,15,1:14.173,1:13.799,
356,18,9,5,9,16,1:14.290,,
357,18,8,4,8,17,1:16.396,,
358,18,16,8,16,18,1:14.516,,
359,18,14,7,14,19,1:11.131,,
360,18,20,10,20,20,1:10.162,,
361,19,1,1,1,1,1:15.607,1:14.641,1:13.921
362,19,4,2,4,2,1:14.883,1:13.605,1:12.593
363,19,2,1,2,3,1:16.469,1:16.983,1:15.457
364,19,5,3,5,4,1:14.618,1:14.890,1:14.324
365,19,3,2,3,5,1:12.247,1:12.849,1:12.352
366,19,11,6,11,6,1:12.314,1:13.291,1:12.683
367,19,9,5,9,7,1:15.348,1:14.218,1:14.449
368,19,17,9,17,8,1:16.255,1:15.244,1:15.152
369,19,12,6,12,9,1:15.446,1:15.352,1:14.624
370,19,14,7,14,10,1:14.530,1:14.833,1:14.111
371,19,6,3,6,11,1:14.247,1:14.669,
372,19,18,9,18,12,1:19.929,1:18.731,
373,19,7,4,7,13,1:15.192,1:15.098,
374,19,8,4,8,14,1:12.280,1:12.948,
375,19,13,7,13,15,1:15.536,1:14.912,
376,19,10,5,10,16,1:13.522,,
377,19,16,8,16,17,1:13.620,,
378,19,19,10,19,18,1:13.574,,
379,19,15,8,15,19,1:16.872,,
380,19,20,10,20,20,1:17.870,,
381,20,1,1,1,1,1:15.480,1:15.892,1:14.515
382,20,4,2,4,2,1:14.825,1:13.539,1:12.648
383,20,3,2,3,3,1:15.236,1:15.649,1:14.367
384,20,6,3,6,4,1:12.118,1:12.146,1:11.867
385,20,2,1,2,5,1:14.069,1:13.928,1:12.763
386,20,5,3,5,6,1:13.560,1:13.378,1:13.891
387,20,7,4,7,7,1:17.439,1:17.284,1:17.224
388,20,12,6,12,8,1:17.927,1:17.589,1:17.700
389,20,18,9,18,9,1:13.572,1:12.214,1:12.381
390,20,17,9,17,10,1:15.334,1:15.600,1:14.623
391,20,11,6,11,11,1:18.817,1:17.714,
392,20,15,8,15,12,1:15.763,1:13.715,
393,20,9,5,9,13,1:16.260,1:15.577,
394,20,20,10,20,14,1:14.895,1:14.454,
395,20,13,7,13,15,1:18.781,1:17.298,
396,20,19,10,19,16,1:13.715,,
397,20,10,5,10,17,1:10.935,,
398,20,16,8,16,18,1:08.774,,
399,20,14,7,14,19,1:13.518,,
400,20,8,4,8,20,1:15.282,,
401,21,2,1,2,1,1:16.557,1:15.369,1:15.230
402,21,3,2,3,2,1:14.406,1:13.517,1:12.330
403,21,5,3,5,3,1:15.322,1:16.012,1:15.826
404,21,1,1,1,4,1:17.862,1:16.919,1:15.617
405,21,6,3,6,5,1:13.669,1:11.861,1:11.505
406,21,4,2,4,6,1:13.301,1:13.637,1:12.973
407,21,12,6,12,7,1:13.192,1:13.964,1:12.972
408,21,20,10,20,8,1:15.758,1:15.532,1:15.450
409,21,11,6,11,9,1:12.102,1:12.309,1:12.921
410,21,7,4,7,10,1:16.737,1:15.699,1:15.186
411,21,10,5,10,11,1:13.037,1:12.781,
412,21,8,4,8,12,1:15.126,1:14.989,
413,21,19,10,19,13,1:15.398,1:15.181,
414,21,18,9,18,14,1:17.717,1:17.866,
415,21,17,9,17,15,1:14.084,1:13.215,
416,21,13,7,13,16,1:14.218,,
417,21,9,5,9,17,1:12.579,,
418,21,14,7,14,18,1:19.184,,
419,21,15,8,15,19,1:13.564,,
420,21,16,8,16,20,1:18.076,,
421,22,5,3,5,1,1:18.857,1:16.098,1:16.731
422,22,2,1,2,2,1:14.154,1:13.498,1:13.533
423,22,4,2,4,3,1:18.053,1:18.848,1:18.619
424,22,6,3,6,4,1:20.572,1:18.404,1:18.035
425,22,11,6,11,5,1:13.585,1:13.294,1:13.527
426,22,12,6,12,6,1:12.860,1:13.300,1:13.308
427,22,1,1,1,7,1:14.195,1:13.210,1:13.789
428,22,3,2,3,8,1:15.515,1:13.001,1:13.644
429,22,7,4,7,9,1:14.275,1:14.715,1:13.451
430,22,9,5,9,10,1:17.953,1:17.526,1:16.000
431,22,16,8,16,11,1:17.699,1:15.017,
432,22,20,10,20,12,1:14.717,1:13.685,
433,22,18,9,18,13,1:12.710,1:12.324,
434,22,10,5,10,14,1:15.907,1:14.211,
435,22,17,9,17,15,1:12.419,1:11.596,
436,22,19,10,19,16,1:15.949,,
437,22,14,7,14,17,1:11.533,,
438,22,8,4,8,18,1:16.130,,
439,22,15,8,15,19,1:14.657,,
440,22,13,7,13,20,1:16.628,,
441,23,1,1,1,1,1:14.270,1:13.179,1:13.414
442,23,4,2,4,2,1:15.737,1:13.777,1:13.753
443,23,6,3,6,3,1:16.532,1:16.015,1:15.464
444,23,5,3,5,4,1:16.739,1:16.466,1:15.733
445,23,2,1,2,5,1:14.533,1:13.071,1:13.962
446,23,12,6,12,6,1:12.990,1:12.809,1:11.366
447,23,11,6,11,7,1:09.307,1:09.672,1:08.094
448,23,3,2,3,8,1:17.527,1:18.641,1:17.022
449,23,17,9,17,9,1:17.183,1:16.416,1:16.728
450,23,10,5,10,10,1:15.630,1:15.459,1:15.649
451,23,18,9,18,11,1:13.393,1:13.504,
452,23,15,8,15,12,1:13.156,1:13.013,
453,23,8,4,8,13,1:14.432,1:14.805,
454,23,7,4,7,14,1:15.807,1:15.139,
455,23,19,10,19,15,1:13.675,1:13.831,
456,23,9,5,9,16,1:19.415,,
457,23,14,7,14,17,1:18.617,,
458,23,13,7,13,18,1:13.508,,
459,23,16,8,16,19,1:10.135,,
460,23,20,10,20,20,1:14.165,,
461,24,3,2,3,1,1:12.967,1:12.209,1:12.546
462,24,4,2,4,2,1:13.998,1:12.663,1:11.905
463,24,1,1,1,3,1:15.510,1:14.689,1:13.324
464,24,5,3,5,4,1:15.315,1:15.666,1:14.732
465,24,6,3,6,5,1:15.757,1:14.748,1:14.763
466,24,11,6,11,6,1:16.455,1:15.872,1:14.235
467,24,7,4,7,7,1:11.147,1:11.604,1:10.282
468,24,20,10,20,8,1:12.977,1:11.914,1:11.625
469,24,2,1,2,9,1:13.977,1:12.283,1:12.849
470,24,10,5,10,10,1:17.632,1:17.005,1:16.779
471,24,13,7,13,11,1:13.419,1:13.802,
472,24,19,10,19,12,1:14.114,1:14.376,
473,24,16,8,16,13,1:16.153,1:16.919,
474,24,9,5,9,14,1:17.793,1:16.126,
475,24,14,7,14,15,1:14.230,1:14.450,
476,24,15,8,15,16,1:15.622,,
477,24,17,9,17,17,1:15.048,,
478,24,12,6,12,18,1:15.139,,
479,24,8,4,8,19,1:15.926,,
480,24,18,9,18,20,1:17.682,,
481,25,4,2,4,1,1:12.793,1:12.031,1:11.635
482,25,5,3,5,2,1:14.208,1:13.837,1:12.410
483,25,2,1,2,3,1:15.237,1:14.471,1:14.216
484,25,11,6,11,4,1:14.814,1:13.613,1:13.891
485,25,6,3,6,5,1:14.498,1:13.945,1:13.430
486,25,3,2,3,6,1:14.958,1:14.135,1:13.545
487,25,1,1,1,7,1:15.173,1:14.636,1:14.331
488,25,9,5,9,8,1:19.251,1:18.954,1:18.836
489,25,13,7,13,9,1:14.837,1:13.216,1:13.410
490,25,17,9,17,10,1:14.880,1:13.754,1:13.097
491,25,10,5,10,11,1:09.675,1:09.645,
492,25,18,9,18,12,1:15.917,1:14.265,
493,25,12,6,12,13,1:15.862,1:15.825,
494,25,7,4,7,14,1:11.218,1:11.797,
495,25,16,8,16,15,1:17.384,1:17.136,
496,25,8,4,8,16,1:17.206,,
497,25,14,7,14,17,1:13.502,,
498,25,15,8,15,18,1:15.529,,
499,25,20,10,20,19,1:12.664,,
500,25,19,10,19,20,1:12.657,,
501,26,5,3,5,1,1:13.923,1:13.244,1:13.592
502,26,2,1,2,2,1:17.710,1:16.019,1:16.566
503,26,4,2,4,3,1:14.556,1:13.196,1:12.935
504,26,1,1,1,4,1:12.196,1:12.106,1:11.780
505,26,6,3,6,5,1:08.312,1:08.431,1:08.925
506,26,11,6,11,6,1:17.106,1:17.857,1:17.363
507,26,7,4,7,7,1:16.594,1:15.432,1:14.571
508,26,17,9,17,8,1:18.872,1:17.652,1:16.733
509,26,10,5,10,9,1:16.007,1:14.158,1:14.010
510,26,3,2,3,10,1:17.598,1:16.823,1:15.708
511,26,15,8,15,11,1:16.312,1:15.926,
512,26,9,5,9,12,1:18.888,1:17.358,
513,26,12,6,12,13,1:18.924,1:16.876,
514,26,13,7,13,14,1:15.495,1:14.313,
515,26,14,7,14,15,1:10.566,1:10.820,
516,26,19,10,19,16,1:13.294,,
517,26,8,4,8,17,1:10.616,,
518,26,16,8,16,18,1:15.397,,
519,26,20,10,20,19,1:13.880,,
520,26,18,9,18,20,1:16.370,,
521,27,1,1,1,1,1:13.349,1:13.523,1:12.462
522,27,2,1,2,2,1:16.494,1:16.731,1:15.615
523,27,4,2,4,3,1:18.369,1:17.976,1:17.882
524,27,3,2,3,4,1:12.405,1:11.308,1:10.159
525,27,5,3,5,5,1:15.614,1:14.961,1:13.812
526,27,6,3,6,6,1:14.044,1:13.557,1:12.675
527,27,18,9,18,7,1:19.771,1:18.945,1:17.087
528,27,11,6,11,8,1:15.128,1:15.780,1:14.325
529,27,10,5,10,9,1:12.770,1:11.877,1:10.248
530,27,12,6,12,10,1:16.817,1:15.009,1:15.985
531,27,7,4,7,11,1:15.219,1:14.095,
532,27,14,7,14,12,1:14.206,1:14.785,
533,27,9,5,9,13,1:15.082,1:15.316,
534,27,8,4,8,14,1:10.782,1:09.601,
535,27,17,9,17,15,1:14.271,1:13.330,
536,27,16,8,16,16,1:14.568,,
537,27,13,7,13,17,1:16.136,,
538,27,19,10,19,18,1:17.958,,
539,27,20,10,20,19,1:12.530,,
540,27,15,8,15,20,1:16.113,,
541,28,1,1,1,1,1:13.889,1:13.271,1:13.143
542,28,2,1,2,2,1:13.213,1:12.647,1:12.247
543,28,4,2,4,3,1:17.523,1:15.979,1:15.083
544,28,9,5,9,4,1:19.714,1:18.781,1:17.586
545,28,10,5,10,5,1:13.525,1:13.741,1:13.131
546,28,5,3,5,6,1:15.006,1:15.695,1:14.893
547,28,14,7,14,7,1:16.570,1:15.071,1:15.159
548,28,17,9,17,8,1:14.665,1:13.415,1:13.071
549,28,7,4,7,9,1:15.318,1:14.081,1:13.074
550,28,20,10,20,10,1:16.067,1:15.437,1:15.531
551,28,11,6,11,11,1:17.295,1:16.646,
552,28,19,10,19,12,1:12.958,1:12.803,
553,28,3,2,3,13,1:15.732,1:13.357,
554,28,16,8,16,14,1:09.489,1:09.275,
555,28,6,3,6,15,1:15.534,1:14.681,
556,28,15,8,15,16,1:10.880,,
557,28,13,7,13,17,1:14.313,,
558,28,12,6,12,18,1:16.721,,
559,28,8,4,8,19,1:11.845,,
560,28,18,9,18,20,1:15.558,,
561,29,4,2,4,1,1:17.659,1:17.911,1:16.973
562,29,1,1,1,2,1:18.521,1:18.724,1:17.360
563,29,5,3,5,3,1:13.733,1:12.835,1:12.488
564,29,2,1,2,4,1:13.381,1:12.422,1:11.347
565,29,9,5,9,5,1:14.564,1:14.913,1:14.628
566,29,6,3,6,6,1:15.247,1:16.612,1:16.598
567,29,20,10,20,7,1:15.222,1:14.464,1:13.418
568,29,14,7,14,8,1:17.328,1:15.879,1:15.195
569,29,15,8,15,9,1:13.843,1:14.039,1:13.743
570,29,11,6,11,10,1:12.852,1:12.001,1:11.468
571,29,7,4,7,11,1:18.057,1:17.939,
572,29,17,9,17,12,1:17.201,1:16.191,
573,29,12,6,12,13,1:12.283,1:11.467,
574,29,10,5,10,14,1:14.065,1:13.194,
575,29,13,7,13,15,1:16.846,1:17.578,
576,29,18,9,18,16,1:12.177,,
577,29,3,2,3,17,1:14.544,,
578,29,19,10,19,18,1:12.170,,
579,29,8,4,8,19,1:16.576,,
580,29,16,8,16,20,1:15.534,,
581,30,2,1,2,1,1:15.907,1:14.324,1:14.996
582,30,6,3,6,2,1:17.911,1:17.497,1:17.577
583,30,11,6,11,3,1:14.634,1:14.166,1:14.748
584,30,4,2,4,4,1:19.808,1:19.360,1:18.830
585,30,1,1,1,5,1:16.577,1:16.067,1:15.491
586,30,7,4,7,6,1:16.587,1:15.794,1:14.018
587,30,5,3,5,7,1:16.249,1:15.114,1:15.552
588,30,12,6,12,8,1:19.462,1:18.047,1:18.946
589,30,3,2,3,9,1:10.234,1:10.186,1:09.712
590,30,8,4,8,10,1:15.449,1:14.914,1:13.411
591,30,10,5,10,11,1:14.391,1:13.315,
592,30,16,8,16,12,1:17.899,1:16.211,
593,30,20,10,20,13,1:13.422,1:13.930,
594,30,17,9,17,14,1:13.579,1:12.886,
595,30,13,7,13,15,1:15.305,1:15.979,
596,30,19,10,19,16,1:11.360,,
597,30,15,8,15,17,1:15.099,,
598,30,14,7,14,18,1:11.929,,
599,30,9,5,9,19,1:18.079,,
600,30,18,9,18,20,1:13.508,,
601,31,6,3,6,1,1:16.247,1:14.623,1:15.324
602,31,1,1,1,2,1:14.668,1:13.258,1:13.086
603,31,2,1,2,3,1:13.015,1:13.524,1:12.199
604,31,5,3,5,4,1:17.605,1:17.778,1:17.020
605,31,11,6,11,5,1:14.545,1:13.079,1:13.986
606,31,3,2,3,6,1:17.599,1:17.921,1:16.409
607,31,4,2,4,7,1:16.334,1:15.501,1:15.731
608,31,12,6,12,8,1:15.091,1:14.902,1:14.360
609,31,7,4,7,9,1:16.285,1:15.832,1:15.927
610,31,14,7,14,10,1:18.925,1:18.854,1:17.218
611,31,19,10,19,11,1:17.854,1:16.145,
612,31,10,5,10,12,1:11.403,1:10.701,
613,31,9,5,9,13,1:13.341,1:13.392,
614,31,13,7,13,14,1:15.112,1:15.987,
615,31,18,9,18,15,1:16.033,1:15.254,
616,31,15,8,15,16,1:13.934,,
617,31,8,4,8,17,1:14.980,,
618,31,16,8,16,18,1:15.874,,
619,31,17,9,17,19,1:13.494,,
620,31,20,10,20,20,1:15.413,,
621,32,4,2,4,1,1:14.285,1:14.170,1:14.604
622,32,1,1,1,2,1:15.627,1:15.592,1:15.415
623,32,6,3,6,3,1:13.862,1:14.684,1:13.665
624,32,5,3,5,4,1:17.472,1:17.818,1:16.821
625,32,8,4,8,5,1:17.431,1:17.863,1:16.395
626,32,3,2,3,6,1:09.360,1:09.108,1:09.848
627,32,2,1,2,7,1:12.238,1:12.892,1:11.944
628,32,11,6,11,8,1:14.325,1:15.444,1:14.665
629,32,9,5,9,9,1:12.266,1:11.285,1:11.290
630,32,12,6,12,10,1:17.766,1:16.169,1:16.886
631,32,17,9,17,11,1:12.084,1:12.891,
632,32,13,7,13,12,1:18.092,1:18.684,
633,32,10,5,10,13,1:14.741,1:14.104,
634,32,16,8,16,14,1:16.465,1:15.648,
635,32,15,8,15,15,1:11.513,1:11.482,
636,32,19,10,19,16,1:12.369,,
637,32,14,7,14,17,1:16.441,,
638,32,7,4,7,18,1:14.102,,
639,32,20,10,20,19,1:17.575,,
640,32,18,9,18,20,1:14.069,,
641,33,4,2,4,1,1:15.896,1:14.143,1:13.861
642,33,2,1,2,2,1:14.701,1:15.948,1:14.330
643,33,1,1,1,3,1:14.900,1:14.960,1:13.522
644,33,6,3,6,4,1:15.790,1:15.291,1:14.958
645,33,11,6,11,5,1:18.692,1:16.321,1:16.944
646,33,16,8,16,6,1:15.065,1:15.387,1:14.890
647,33,12,6,12,7,1:14.891,1:13.019,1:13.034
648,33,5,3,5,8,1:14.390,1:14.415,1:14.908
649,33,19,10,19,9,1:13.765,1:12.875,1:12.911
650,33,13,7,13,10,1:13.954,1:12.290,1:12.542
651,33,10,5,10,11,1:12.143,1:12.119,
652,33,14,7,14,12,1:15.069,1:14.813,
653,33,8,4,8,13,1:17.609,1:16.109,
654,33,18,9,18,14,1:15.405,1:15.985,
655,33,3,2,3,15,1:17.877,1:17.907,
656,33,9,5,9,16,1:11.483,,
657,33,20,10,20,17,1:15.777,,
658,33,7,4,7,18,1:13.852,,
659,33,17,9,17,19,1:14.799,,
660,33,15,8,15,20,1:19.108,,
661,34,1,1,1,1,1:14.514,1:14.832,1:13.782
662,34,2,1,2,2,1:19.635,1:19.036,1:18.660
663,34,3,2,3,3,1:15.158,1:15.959,1:15.815
664,34,6,3,6,4,1:18.986,1:17.481,1:16.849
665,34,5,3,5,5,1:14.888,1:14.465,1:13.056
666,34,4,2,4,6,1:13.911,1:13.793,1:13.048
667,34,12,6,12,7,1:15.878,1:14.455,1:14.254
668,34,13,7,13,8,1:14.980,1:14.782,1:13.576
669,34,7,4,7,9,1:17.494,1:15.114,1:15.368
670,34,19,10,19,10,1:17.195,1:16.801,1:15.207
671,34,16,8,16,11,1:18.135,1:16.609,
672,34,17,9,17,12,1:14.499,1:13.231,
673,34,10,5,10,13,1:14.733,1:12.443,
674,34,11,6,11,14,1:20.758,1:19.628,
675,34,15,8,15,15,1:18.294,1:17.719,
676,34,20,10,20,16,1:13.685,,
677,34,8,4,8,17,1:11.934,,
678,34,9,5,9,18,1:14.340,,
679,34,14,7,14,19,1:15.689,,
680,34,18,9,18,20,1:14.399,,
681,35,1,1,1,1,1:13.357,1:13.649,1:12.156
682,35,4,2,4,2,1:14.370,1:13.804,1:13.313
683,35,3,2,3,3,1:19.317,1:18.224,1:17.032
684,35,11,6,11,4,1:11.017,1:10.526,1:09.131
685,35,7,4,7,5,1:18.308,1:18.897,1:17.276
686,35,5,3,5,6,1:12.303,1:13.935,1:12.446
687,35,8,4,8,7,1:14.411,1:15.905,1:14.155
688,35,2,1,2,8,1:17.067,1:16.491,1:15.040
689,35,6,3,6,9,1:16.955,1:15.111,1:15.462
690,35,9,5,9,10,1:15.029,1:14.994,1:13.229
691,35,13,7,13,11,1:13.175,1:13.937,
692,35,16,8,16,12,1:17.570,1:16.832,
693,35,19,10,19,13,1:12.879,1:12.806,
694,35,12,6,12,14,1:17.219,1:17.486,
695,35,10,5,10,15,1:15.320,1:15.496,
696,35,15,8,15,16,1:13.755,,
697,35,18,9,18,17,1:13.081,,
698,35,20,10,20,18,1:09.023,,
699,35,14,7,14,19,1:14.561,,
700,35,17,9,17,20,1:15.592,,
701,36,6,3,6,1,1:13.821,1:13.154,1:12.122
702,36,4,2,4,2,1:13.439,1:13.398,1:12.492
703,36,1,1,1,3,1:17.642,1:16.788,1:16.376
704,36,2,1,2,4,1:11.512,1:10.515,1:10.515
705,36,3,2,3,5,1:12.424,1:12.966,1:12.956
706,36,9,5,9,6,1:13.303,1:12.968,1:11.655
707,36,5,3,5,7,1:13.988,1:12.428,1:12.151
708,36,19,10,19,8,1:16.438,1:15.149,1:14.909
709,36,12,6,12,9,1:15.947,1:14.069,1:14.053
710,36,17,9,17,10,1:16.444,1:16.097,1:15.125
711,36,10,5,10,11,1:19.665,1:17.026,
712,36,11,6,11,12,1:13.928,1:13.809,
713,36,8,4,8,13,1:15.661,1:15.085,
714,36,7,4,7,14,1:12.370,1:12.898,
715,36,13,7,13,15,1:16.929,1:16.277,
716,36,14,7,14,16,1:15.525,,
717,36,20,10,20,17,1:13.338,,
718,36,15,8,15,18,1:19.696,,
719,36,18,9,18,19,1:17.343,,
720,36,16,8,16,20,1:11.006,,
721,37,5,3,5,1,1:18.681,1:17.833,1:16.354
722,37,4,2,4,2,1:13.991,1:13.907,1:13.129
723,37,1,1,1,3,1:12.596,1:13.366,1:12.824
724,37,3,2,3,4,1:15.068,1:15.799,1:14.357
725,37,11,6,11,5,1:14.210,1:13.910,1:13.738
726,37,12,6,12,6,1:16.128,1:15.002,1:15.894
727,37,7,4,7,7,1:20.750,1:19.093,1:18.558
728,37,10,5,10,8,1:13.181,1:13.168,1:12.202
729,37,6,3,6,9,1:16.279,1:16.716,1:15.088
730,37,2,1,2,10,1:15.090,1:15.567,1:14.737
731,37,8,4,8,11,1:13.246,1:12.629,
732,37,9,5,9,12,1:14.918,1:13.710,
733,37,19,10,19,13,1:14.516,1:14.860,
734,37,18,9,18,14,1:15.464,1:15.812,
735,37,17,9,17,15,1:13.554,1:13.135,
736,37,20,10,20,16,1:12.155,,
737,37,15,8,15,17,1:16.869,,
738,37,14,7,14,18,1:14.770,,
739,37,16,8,16,19,1:14.166,,
740,37,13,7,13,20,1:15.745,,
741,38,2,1,2,1,1:16.358,1:15.030,1:14.204
742,38,1,1,1,2,1:14.156,1:14.167,1:13.669
743,38,7,4,7,3,1:14.717,1:14.088,1:14.344
744,38,3,2,3,4,1:12.162,1:12.285,1:12.864
745,38,6,3,6,5,1:12.764,1:12.447,1:11.797
746,38,11,6,11,6,1:17.873,1:17.234,1:16.101
747,38,4,2,4,7,1:15.572,1:14.534,1:14.522
748,38,8,4,8,8,1:14.118,1:13.990,1:13.041
749,38,10,5,10,9,1:14.513,1:13.579,1:13.819
750,38,15,8,15,10,1:13.179,1:12.516,1:12.129
751,38,14,7,14,11,1:13.658,1:12.358,
752,38,5,3,5,12,1:14.817,1:13.793,
753,38,19,10,19,13,1:15.096,1:15.939,
754,38,9,5,9,14,1:16.891,1:15.428,
755,38,20,10,20,15,1:14.743,1:12.044,
756,38,18,9,18,16,1:15.051,,
757,38,16,8,16,17,1:12.317,,
758,38,13,7,13,18,1:16.555,,
759,38,12,6,12,19,1:12.218,,
760,38,17,9,17,20,1:12.471,,
761,39,6,3,6,1,1:13.977,1:12.671,1:11.046
762,39,2,1,2,2,1:16.246,1:14.567,1:14.150
763,39,3,2,3,3,1:16.756,1:15.485,1:15.551
764,39,1,1,1,4,1:16.953,1:16.291,1:15.209
765,39,5,3,5,5,1:12.395,1:11.123,1:11.560
766,39,10,5,10,6,1:16.345,1:16.929,1:15.520
767,39,4,2,4,7,1:14.600,1:14.094,1:14.870
768,39,8,4,8,8,1:07.554,1:08.187,1:07.025
769,39,17,9,17,9,1:17.049,1:17.521,1:17.624
770,39,9,5,9,10,1:14.753,1:12.804,1:12.168
771,39,19,10,19,11,1:12.116,1:11.238,
772,39,11,6,11,12,1:15.756,1:14.467,
773,39,14,7,14,13,1:11.358,1:10.608,
774,39,12,6,12,14,1:13.321,1:11.267,
775,39,18,9,18,15,1:15.833,1:15.434,
776,39,7,4,7,16,1:13.347,,
777,39,16,8,16,17,1:16.173,,
778,39,13,7,13,18,1:14.155,,
779,39,20,10,20,19,1:15.888,,
780,39,15,8,15,20,1:12.121,,
781,40,4,2,4,1,1:18.010,1:17.579,1:16.226
782,40,1,1,1,2,1:10.010,1:09.632,1:09.223
783,40,14,7,14,3,1:13.706,1:13.928,1:12.933
784,40,6,3,6,4,1:15.779,1:14.894,1:14.078
785,40,2,1,2,5,1:14.245,1:13.601,1:13.429
786,40,3,2,3,6,1:16.709,1:17.059,1:16.925
787,40,5,3,5,7,1:16.322,1:15.179,1:15.773
788,40,20,10,20,8,1:14.446,1:13.505,1:13.708
789,40,12,6,12,9,1:15.341,1:15.973,1:15.893
790,40,7,4,7,10,1:12.027,1:12.371,1:12.862
791,40,8,4,8,11,1:09.474,1:08.596,
792,40,13,7,13,12,1:14.265,1:15.278,
793,40,10,5,10,13,1:16.118,1:15.773,
794,40,19,10,19,14,1:13.536,1:11.518,
795,40,9,5,9,15,1:14.035,1:14.257,
796,40,11,6,11,16,1:12.666,,
797,40,15,8,15,17,1:15.341,,
798,40,16,8,16,18,1:19.188,,
799,40,17,9,17,19,1:12.897,,
800,40,18,9,18,20,1:18.380,,
801,41,1,1,1,1,1:16.224,1:15.474,1:14.576
802,41,4,2,4,2,1:17.171,1:16.088,1:15.873
803,41,5,3,5,3,1:18.844,1:18.297,1:17.429
804,41,11,6,11,4,1:18.440,1:17.227,1:17.126
805,41,10,5,10,5,1:16.985,1:15.936,1:14.771
806,41,6,3,6,6,1:15.722,1:14.843,1:13.659
807,41,3,2,3,7,1:08.234,1:07.714,1:07.744
808,41,2,1,2,8,1:13.586,1:14.016,1:13.562
809,41,9,5,9,9,1:12.313,1:12.300,1:12.117
810,41,17,9,17,10,1:13.542,1:13.101,1:12.229
811,41,13,7,13,11,1:15.716,1:15.725,
812,41,8,4,8,12,1:10.215,1:10.089,
813,41,7,4,7,13,1:16.713,1:15.124,
814,41,12,6,12,14,1:11.953,1:10.323,
815,41,18,9,18,15,1:14.148,1:13.583,
816,41,19,10,19,16,1:10.524,,
817,41,20,10,20,17,1:17.023,,
818,41,16,8,16,18,1:13.957,,
819,41,14,7,14,19,1:12.010,,
820,41,15,8,15,20,1:15.166,,
821,42,6,3,6,1,1:12.615,1:12.431,1:12.888
822,42,2,1,2,2,1:13.236,1:12.125,1:11.383
823,42,12,6,12,3,1:18.760,1:17.803,1:17.204
824,42,7,4,7,4,1:14.794,1:13.675,1:13.648
825,42,4,2,4,5,1:17.371,1:17.128,1:16.403
826,42,9,5,9,6,1:18.051,1:17.093,1:17.575
827,42,1,1,1,7,1:17.281,1:15.611,1:15.848
828,42,8,4,8,8,1:16.037,1:16.418,1:15.301
829,42,5,3,5,9,1:13.089,1:13.367,1:13.800
830,42,3,2,3,10,1:19.461,1:19.126,1:18.082
831,42,14,7,14,11,1:14.979,1:14.182,
832,42,13,7,13,12,1:14.611,1:14.958,
833,42,17,9,17,13,1:17.523,1:17.442,
834,42,10,5,10,14,1:13.555,1:14.321,
835,42,18,9,18,15,1:13.070,1:12.067,
836,42,11,6,11,16,1:14.446,,
837,42,16,8,16,17,1:14.153,,
838,42,19,10,19,18,1:16.890,,
839,42,15,8,15,19,1:20.639,,
840,42,20,10,20,20,1:18.761,,
841,43,6,3,6,1,1:15.248,1:13.692,1:13.016
842,43,1,1,1,2,1:12.388,1:11.641,1:11.632
843,43,12,6,12,3,1:16.316,1:15.823,1:15.869
844,43,4,2,4,4,1:16.063,1:15.974,1:14.906
845,43,3,2,3,5,1:12.267,1:11.966,1:11.486
846,43,5,3,5,6,1:12.071,1:10.755,1:10.750
847,43,2,1,2,7,1:17.841,1:17.672,1:17.640
848,43,20,10,20,8,1:16.935,1:15.621,1:14.764
849,43,9,5,9,9,1:12.599,1:11.970,1:11.099
850,43,11,6,11,10,1:14.399,1:15.067,1:14.153
851,43,18,9,18,11,1:15.530,1:15.654,
852,43,8,4,8,12,1:15.783,1:14.336,
853,43,13,7,13,13,1:13.414,1:13.577,
854,43,15,8,15,14,1:15.508,1:15.571,
855,43,10,5,10,15,1:22.619,1:21.801,
856,43,7,4,7,16,1:13.183,,
857,43,14,7,14,17,1:12.403,,
858,43,19,10,19,18,1:14.376,,
859,43,16,8,16,19,1:17.837,,
860,43,17,9,17,20,1:10.057,,
861,44,3,2,3,1,1:16.826,1:16.415,1:16.110
862,44,6,3,6,2,1:17.349,1:16.513,1:16.929
863,44,4,2,4,3,1:12.724,1:12.126,1:12.803
864,44,5,3,5,4,1:19.618,1:18.304,1:18.447
865,44,12,6,12,5,1:14.182,1:12.432,1:12.844
866,44,1,1,1,6,1:18.207,1:17.669,1:17.580
867,44,19,10,19,7,1:10.230,1:11.877,1:10.359
868,44,9,5,9,8,1:14.760,1:13.123,1:13.880
869,44,2,1,2,9,1:14.608,1:13.827,1:13.881
870,44,7,4,7,10,1:16.182,1:15.795,1:15.336
871,44,10,5,10,11,1:19.600,1:19.221,
872,44,18,9,18,12,1:15.218,1:14.375,
873,44,8,4,8,13,1:13.907,1:12.077,
874,44,17,9,17,14,1:09.728,1:09.346,
875,44,11,6,11,15,1:13.450,1:13.144,
876,44,20,10,20,16,1:15.575,,
877,44,15,8,15,17,1:11.165,,
878,44,14,7,14,18,1:13.031,,
879,44,13,7,13,19,1:15.523,,
880,44,16,8,16,20,1:11.858,,
881,45,6,3,6,1,1:14.872,1:14.349,1:13.644
882,45,4,2,4,2,1:14.240,1:14.590,1:13.087
883,45,1,1,1,3,1:15.104,1:14.097,1:13.486
884,45,5,3,5,4,1:13.374,1:12.381,1:12.910
885,45,3,2,3,5,1:15.875,1:14.905,1:14.808
886,45,19,10,19,6,1:16.123,1:15.753,1:14.946
887,45,2,1,2,7,1:15.890,1:14.145,1:13.797
888,45,14,7,14,8,1:16.988,1:16.993,1:15.763
889,45,13,7,13,9,1:16.686,1:15.618,1:14.664
890,45,12,6,12,10,1:09.663,1:09.454,1:09.860
891,45,8,4,8,11,1:13.389,1:13.063,
892,45,11,6,11,12,1:15.912,1:13.167,
893,45,10,5,10,13,1:17.974,1:17.892,
894,45,20,10,20,14,1:14.192,1:14.749,
895,45,7,4,7,15,1:15.249,1:14.224,
896,45,18,9,18,16,1:17.167,,
897,45,17,9,17,17,1:11.878,,
898,45,9,5,9,18,1:15.474,,
899,45,16,8,16,19,1:16.260,,
900,45,15,8,15,20,1:18.095,,
901,46,2,1,2,1,1:15.948,1:14.679,1:13.202
902,46,4,2,4,2,1:16.386,1:14.006,1:14.087
903,46,3,2,3,3,1:14.163,1:14.656,1:13.341
904,46,6,3,6,4,1:12.938,1:11.367,1:11.286
905,46,5,3,5,5,1:15.529,1:15.873,1:14.960
906,46,1,1,1,6,1:19.457,1:19.228,1:18.283
907,46,12,6,12,7,1:12.377,1:11.102,1:10.953
908,46,11,6,11,8,1:11.450,1:10.897,1:11.284
909,46,14,7,14,9,1:16.981,1:15.813,1:15.053
910,46,10,5,10,10,1:10.836,1:10.213,1:10.507
911,46,18,9,18,11,1:13.633,1:13.527,
912,46,8,4,8,12,1:13.030,1:14.099,
913,46,9,5,9,13,1:16.617,1:16.470,
914,46,19,10,19,14,1:14.193,1:14.729,
915,46,15,8,15,15,1:17.458,1:16.644,
916,46,16,8,16,16,1:13.644,,
917,46,17,9,17,17,1:13.068,,
918,46,13,7,13,18,1:15.710,,
919,46,7,4,7,19,1:13.406,,
920,46,20,10,20,20,1:13.296,,
921,47,3,2,3,1,1:16.469,1:16.348,1:15.766
922,47,5,3,5,2,1:15.445,1:14.982,1:14.936
923,47,4,2,4,3,1:16.495,1:15.660,1:14.231
924,47,2,1,2,4,1:16.555,1:16.209,1:15.848
925,47,6,3,6,5,1:16.909,1:15.937,1:15.974
926,47,9,5,9,6,1:11.942,1:11.664,1:11.984
927,47,12,6,12,7,1:17.009,1:15.242,1:15.177
928,47,1,1,1,8,1:14.345,1:13.064,1:12.635
929,47,7,4,7,9,1:14.580,1:13.000,1:12.078
930,47,10,5,10,10,1:12.986,1:12.659,1:12.977
931,47,11,6,11,11,1:18.231,1:18.541,
932,47,8,4,8,12,1:16.467,1:15.475,
933,47,16,8,16,13,1:13.088,1:12.002,
934,47,17,9,17,14,1:13.557,1:12.605,
935,47,19,10,19,15,1:13.220,1:13.641,
936,47,13,7,13,16,1:12.451,,
937,47,14,7,14,17,1:14.084,,
938,47,20,10,20,18,1:14.520,,
939,47,18,9,18,19,1:11.151,,
940,47,15,8,15,20,1:15.026,,
941,48,4,2,4,1,1:17.995,1:17.880,1:17.233
942,48,1,1,1,2,1:14.606,1:13.328,1:13.386
943,48,5,3,5,3,1:13.920,1:13.984,1:13.945
944,48,6,3,6,4,1:16.540,1:14.380,1:14.243
945,48,11,6,11,5,1:16.397,1:17.958,1:17.179
946,48,3,2,3,6,1:15.328,1:14.864,1:13.342
947,48,10,5,10,7,1:15.014,1:14.152,1:14.531
948,48,2,1,2,8,1:16.366,1:15.978,1:14.837
949,48,7,4,7,9,1:14.588,1:13.811,1:12.305
950,48,8,4,8,10,1:14.890,1:14.474,1:13.491
951,48,19,10,19,11,1:12.957,1:12.606,
952,48,17,9,17,12,1:15.221,1:15.167,
953,48,20,10,20,13,1:14.614,1:14.884,
954,48,13,7,13,14,1:15.951,1:15.215,
955,48,12,6,12,15,1:13.882,1:12.152,
956,48,9,5,9,16,1:10.882,,
957,48,15,8,15,17,1:16.803,,
958,48,18,9,18,18,1:12.734,,
959,48,16,8,16,19,1:16.427,,
960,48,14,7,14,20,1:16.731,,
961,49,2,1,2,1,1:14.296,1:13.917,1:13.638
962,49,4,2,4,2,1:20.951,1:19.702,1:18.903
963,49,1,1,1,3,1:12.266,1:13.962,1:12.935
964,49,3,2,3,4,1:16.534,1:16.409,1:15.610
965,49,6,3,6,5,1:15.446,1:14.143,1:14.536
966,49,5,3,5,6,1:14.197,1:15.376,1:15.161
967,49,12,6,12,7,1:12.915,1:13.786,1:12.732
968,49,8,4,8,8,1:16.592,1:15.607,1:15.054
969,49,7,4,7,9,1:13.543,1:12.467,1:12.560
970,49,19,10,19,10,1:15.705,1:14.934,1:14.833
971,49,17,9,17,11,1:13.547,1:14.017,
972,49,11,6,11,12,1:10.497,1:10.425,
973,49,9,5,9,13,1:15.111,1:14.724,
974,49,10,5,10,14,1:16.294,1:16.776,
975,49,14,7,14,15,1:13.352,1:12.247,
976,49,18,9,18,16,1:12.387,,
977,49,16,8,16,17,1:13.441,,
978,49,13,7,13,18,1:15.842,,
979,49,15,8,15,19,1:17.202,,
980,49,20,10,20,20,1:11.949,,
981,50,6,3,6,1,1:14.306,1:14.061,1:14.304
982,50,2,1,2,2,1:15.477,1:13.072,1:13.029
983,50,1,1,1,3,1:15.626,1:15.452,1:14.830
984,50,11,6,11,4,1:14.855,1:13.883,1:13.380
985,50,4,2,4,5,1:14.886,1:13.992,1:12.560
986,50,5,3,5,6,1:17.086,1:17.129,1:16.251
987,50,12,6,12,7,1:13.500,1:14.809,1:14.928
988,50,3,2,3,8,1:15.786,1:14.767,1:13.038
989,50,7,4,7,9,1:17.724,1:15.673,1:16.624
990,50,8,4,8,10,1:14.283,1:13.687,1:13.736
991,50,9,5,9,11,1:12.402,1:12.821,
992,50,13,7,13,12,1:19.607,1:19.480,
993,50,15,8,15,13,1:13.900,1:13.440,
994,50,10,5,10,14,1:13.019,1:12.325,
995,50,16,8,16,15,1:12.149,1:12.715,
996,50,19,10,19,16,1:11.025,,
997,50,17,9,17,17,1:13.825,,
998,50,18,9,18,18,1:16.088,,
999,50,14,7,14,19,1:17.050,,
1000,50,20,10,20,20,1:15.501,,
1001,51,1,1,1,1,1:13.413,1:13.777,1:13.319
1002,51,4,2,4,2,1:13.892,1:13.060,1:13.987
1003,51,2,1,2,3,1:16.262,1:16.123,1:15.237
1004,51,11,6,11,4,1:14.818,1:14.847,1:13.621
1005,51,12,6,12,5,1:14.646,1:13.621,1:12.223
1006,51,6,3,6,6,1:16.357,1:15.369,1:15.996
1007,51,5,3,5,7,1:12.280,1:12.712,1:12.218
1008,51,10,5,10,8,1:15.700,1:15.733,1:14.074
1009,51,20,10,20,9,1:15.207,1:14.825,1:14.085
1010,51,3,2,3,10,1:13.821,1:12.541,1:11.193
1011,51,17,9,17,11,1:15.629,1:15.437,
1012,51,8,4,8,12,1:12.830,1:12.986,
1013,51,19,10,19,13,1:19.568,1:18.176,
1014,51,16,8,16,14,1:16.236,1:15.277,
1015,51,18,9,18,15,1:17.830,1:15.425,
1016,51,15,8,15,16,1:15.915,,
1017,51,7,4,7,17,1:15.886,,
1018,51,13,7,13,18,1:15.377,,
1019,51,14,7,14,19,1:14.439,,
1020,51,9,5,9,20,1:15.723,,
1021,52,2,1,2,1,1:13.566,1:13.071,1:13.041
1022,52,1,1,1,2,1:16.075,1:14.602,1:14.397
1023,52,4,2,4,3,1:16.382,1:14.564,1:14.639
1024,52,3,2,3,4,1:16.429,1:15.000,1:15.040
1025,52,12,6,12,5,1:16.303,1:15.554,1:14.690
1026,52,5,3,5,6,1:16.024,1:15.595,1:15.105
1027,52,6,3,6,7,1:12.806,1:12.602,1:12.930
1028,52,15,8,15,8,1:14.298,1:14.310,1:14.235
1029,52,13,7,13,9,1:16.454,1:15.134,1:15.192
1030,52,16,8,16,10,1:12.105,1:13.231,1:12.991
1031,52,7,4,7,11,1:09.678,1:10.293,
1032,52,11,6,11,12,1:18.682,1:18.517,
1033,52,17,9,17,13,1:15.515,1:13.632,
1034,52,14,7,14,14,1:14.293,1:13.699,
1035,52,18,9,18,15,1:14.263,1:14.104,
1036,52,19,10,19,16,1:14.114,,
1037,52,9,5,9,17,1:14.954,,
1038,52,8,4,8,18,1:15.708,,
1039,52,10,5,10,19,1:13.828,,
1040,52,20,10,20,20,1:13.239,,
1041,53,2,1,2,1,1:13.167,1:13.013,1:12.585
1042,53,5,3,5,2,1:13.910,1:12.940,1:11.606
1043,53,3,2,3,3,1:13.966,1:13.567,1:12.845
1044,53,4,2,4,4,1:15.304,1:14.922,1:14.283
1045,53,8,4,8,5,1:14.714,1:14.685,1:14.679
1046,53,10,5,10,6,1:18.359,1:17.284,1:16.244
1047,53,18,9,18,7,1:15.653,1:14.357,1:14.393
1048,53,1,1,1,8,1:13.622,1:12.457,1:12.944
1049,53,6,3,6,9,1:13.029,1:12.106,1:12.677
1050,53,7,4,7,10,1:14.252,1:15.796,1:14.118
1051,53,13,7,13,11,1:14.957,1:14.932,
1052,53,12,6,12,12,1:15.661,1:14.029,
1053,53,11,6,11,13,1:11.186,1:12.879,
1054,53,15,8,15,14,1:13.880,1:13.170,
1055,53,19,10,19,15,1:16.247,1:15.730,
1056,53,14,7,14,16,1:10.030,,
1057,53,9,5,9,17,1:18.708,,
1058,53,20,10,20,18,1:13.955,,
1059,53,16,8,16,19,1:16.382,,
1060,53,17,9,17,20,1:15.972,,
1061,54,2,1,2,1,1:13.437,1:12.476,1:12.394
1062,54,1,1,1,2,1:15.328,1:14.829,1:14.364
1063,54,5,3,5,3,1:14.887,1:14.332,1:14.612
1064,54,3,2,3,4,1:15.089,1:15.706,1:14.176
1065,54,4,2,4,5,1:20.548,1:19.815,1:18.927
1066,54,10,5,10,6,1:15.418,1:14.510,1:13.367
1067,54,7,4,7,7,1:12.665,1:11.017,1:11.494
1068,54,19,10,19,8,1:18.179,1:16.509,1:16.476
1069,54,6,3,6,9,1:11.667,1:11.704,1:09.327
1070,54,16,8,16,10,1:15.083,1:14.984,1:14.584
1071,54,8,4,8,11,1:17.253,1:16.663,
1072,54,11,6,11,12,1:16.340,1:14.226,
1073,54,13,7,13,13,1:13.045,1:12.349,
1074,54,9,5,9,14,1:13.912,1:13.138,
1075,54,20,10,20,15,1:14.144,1:14.857,
1076,54,15,8,15,16,1:11.387,,
1077,54,14,7,14,17,1:13.733,,
1078,54,12,6,12,18,1:16.747,,
1079,54,18,9,18,19,1:18.611,,
1080,54,17,9,17,20,1:14.377,,
1081,55,1,1,1,1,1:13.098,1:12.744,1:13.426
1082,55,2,1,2,2,1:14.419,1:12.675,1:12.433
1083,55,5,3,5,3,1:16.555,1:16.707,1:16.706
1084,55,4,2,4,4,1:14.646,1:13.966,1:12.944
1085,55,3,2,3,5,1:17.940,1:16.619,1:15.873
1086,55,11,6,11,6,1:16.315,1:16.761,1:15.076
1087,55,14,7,14,7,1:13.943,1:12.649,1:12.415
1088,55,12,6,12,8,1:17.280,1:16.475,1:15.291
1089,55,13,7,13,9,1:15.183,1:14.477,1:14.503
1090,55,6,3,6,10,1:13.346,1:13.009,1:12.086
1091,55,10,5,10,11,1:13.820,1:13.880,
1092,55,19,10,19,12,1:14.953,1:13.450,
1093,55,9,5,9,13,1:14.947,1:14.151,
1094,55,16,8,16,14,1:14.678,1:13.827,
1095,55,7,4,7,15,1:14.794,1:14.965,
1096,55,8,4,8,16,1:16.776,,
1097,55,17,9,17,17,1:20.104,,
1098,55,15,8,15,18,1:11.677,,
1099,55,20,10,20,19,1:18.265,,
1100,55,18,9,18,20,1:14.586,,
1101,56,4,2,4,1,1:11.062,1:11.623,1:11.933
1102,56,6,3,6,2,1:14.292,1:14.056,1:14.248
1103,56,1,1,1,3,1:14.407,1:13.473,1:12.664
1104,56,12,6,12,4,1:10.994,1:12.160,1:11.400
1105,56,2,1,2,5,1:15.488,1:14.181,1:14.525
1106,56,3,2,3,6,1:13.252,1:12.106,1:12.801
1107,56,11,6,11,7,1:15.006,1:15.943,1:15.599
1108,56,5,3,5,8,1:13.944,1:12.051,1:12.404
1109,56,7,4,7,9,1:14.269,1:13.544,1:12.613
1110,56,17,9,17,10,1:16.813,1:14.638,1:14.492
1111,56,8,4,8,11,1:12.073,1:12.475,
1112,56,18,9,18,12,1:12.676,1:12.969,
1113,56,15,8,15,13,1:09.924,1:10.163,
1114,56,9,5,9,14,1:18.957,1:17.981,
1115,56,19,10,19,15,1:17.969,1:18.368,
1116,56,10,5,10,16,1:16.760,,
1117,56,14,7,14,17,1:15.688,,
1118,56,13,7,13,18,1:14.186,,
1119,56,20,10,20,19,1:11.973,,
1120,56,16,8,16,20,1:16.548,,
1121,57,5,3,5,1,1:17.217,1:16.040,1:16.887
1122,57,2,1,2,2,1:16.202,1:17.509,1:16.094
1123,57,1,1,1,3,1:16.363,1:16.818,1:15.072
1124,57,6,3,6,4,1:16.186,1:15.056,1:15.770
1125,57,4,2,4,5,1:14.085,1:13.159,1:12.424
1126,57,3,2,3,6,1:15.257,1:14.962,1:14.219
1127,57,11,6,11,7,1:16.328,1:14.776,1:14.234
1128,57,10,5,10,8,1:11.221,1:10.942,1:10.665
1129,57,7,4,7,9,1:13.111,1:12.854,1:12.156
1130,57,17,9,17,10,1:18.878,1:17.610,1:17.005
1131,57,12,6,12,11,1:13.380,1:13.539,
1132,57,13,7,13,12,1:16.502,1:15.565,
1133,57,16,8,16,13,1:12.827,1:12.378,
1134,57,18,9,18,14,1:16.112,1:15.292,
1135,57,15,8,15,15,1:18.059,1:17.311,
1136,57,19,10,19,16,1:17.741,,
1137,57,20,10,20,17,1:15.444,,
1138,57,14,7,14,18,1:18.305,,
1139,57,8,4,8,19,1:17.089,,
1140,57,9,5,9,20,1:11.284,,
1141,58,1,1,1,1,1:14.222,1:14.783,1:13.057
1142,58,2,1,2,2,1:12.873,1:12.894,1:11.451
1143,58,4,2,4,3,1:12.741,1:11.920,1:11.199
1144,58,11,6,11,4,1:16.144,1:16.058,1:15.706
1145,58,5,3,5,5,1:15.464,1:14.264,1:13.006
1146,58,6,3,6,6,1:15.491,1:14.903,1:13.858
1147,58,7,4,7,7,1:16.791,1:16.124,1:15.161
1148,58,18,9,18,8,1:13.806,1:12.057,1:12.139
1149,58,9,5,9,9,1:12.791,1:12.980,1:11.005
1150,58,13,7,13,10,1:17.807,1:17.055,1:16.614
1151,58,3,2,3,11,1:16.209,1:15.290,
1152,58,12,6,12,12,1:12.040,1:11.369,
1153,58,10,5,10,13,1:15.202,1:14.912,
1154,58,8,4,8,14,1:12.967,1:11.281,
1155,58,19,10,19,15,1:16.750,1:16.967,
1156,58,14,7,14,16,1:16.400,,
1157,58,17,9,17,17,1:16.899,,
1158,58,16,8,16,18,1:18.413,,
1159,58,20,10,20,19,1:13.777,,
1160,58,15,8,15,20,1:11.502,,
1161,59,2,1,2,1,1:14.161,1:13.820,1:13.961
1162,59,6,3,6,2,1:15.743,1:14.874,1:14.346
1163,59,3,2,3,3,1:16.993,1:16.977,1:15.166
1164,59,5,3,5,4,1:19.811,1:18.860,1:17.975
1165,59,4,2,4,5,1:14.543,1:14.944,1:14.329
1166,59,7,4,7,6,1:16.186,1:14.485,1:14.336
1167,59,1,1,1,7,1:14.493,1:13.181,1:12.238
1168,59,14,7,14,8,1:11.974,1:11.878,1:10.294
1169,59,11,6,11,9,1:17.989,1:16.230,1:16.338
1170,59,17,9,17,10,1:14.680,1:15.037,1:14.227
1171,59,8,4,8,11,1:14.400,1:15.245,
1172,59,19,10,19,12,1:12.295,1:12.143,
1173,59,9,5,9,13,1:13.575,1:12.134,
1174,59,12,6,12,14,1:13.281,1:13.119,
1175,59,16,8,16,15,1:11.696,1:12.754,
1176,59,18,9,18,16,1:11.660,,
1177,59,20,10,20,17,1:16.496,,
1178,59,15,8,15,18,1:13.681,,
1179,59,10,5,10,19,1:13.061,,
1180,59,13,7,13,20,1:16.868,,
1181,60,1,1,1,1,1:12.015,1:11.586,1:11.949
1182,60,6,3,6,2,1:13.099,1:13.833,1:12.754
1183,60,5,3,5,3,1:13.763,1:12.041,1:12.241
1184,60,3,2,3,4,1:13.219,1:13.858,1:12.263
1185,60,11,6,11,5,1:15.374,1:14.279,1:14.745
1186,60,2,1,2,6,1:12.988,1:10.681,1:10.422
1187,60,10,5,10,7,1:11.555,1:11.352,1:11.239
1188,60,12,6,12,8,1:12.958,1:13.476,1:12.847
1189,60,4,2,4,9,1:14.759,1:14.372,1:12.396
1190,60,15,8,15,10,1:15.622,1:15.558,1:15.690
1191,60,16,8,16,11,1:12.478,1:12.843,
1192,60,14,7,14,12,1:15.408,1:14.350,
1193,60,20,10,20,13,1:14.910,1:14.706,
1194,60,8,4,8,14,1:13.177,1:13.930,
1195,60,19,10,19,15,1:16.010,1:16.251,
1196,60,17,9,17,16,1:13.565,,
1197,60,18,9,18,17,1:14.099,,
1198,60,7,4,7,18,1:15.124,,
1199,60,9,5,9,19,1:15.803,,
1200,60,13,7,13,20,1:16.182,,
1201,61,1,1,1,1,1:14.186,1:14.470,1:13.077
1202,61,11,6,11,2,1:15.513,1:16.333,1:15.070
1203,61,5,3,5,3,1:10.964,1:08.780,1:09.294
1204,61,2,1,2,4,1:15.539,1:15.921,1:14.046
1205,61,6,3,6,5,1:17.975,1:16.945,1:16.259
1206,61,4,2,4,6,1:16.319,1:15.875,1:15.201
1207,61,8,4,8,7,1:17.432,1:17.043,1:16.158
1208,61,10,5,10,8,1:17.474,1:17.523,1:16.556
1209,61,14,7,14,9,1:12.051,1:12.734,1:12.468
1210,61,9,5,9,10,1:14.838,1:12.830,1:12.964
1211,61,7,4,7,11,1:16.643,1:16.247,
1212,61,3,2,3,12,1:13.394,1:11.762,
1213,61,12,6,12,13,1:15.099,1:15.342,
1214,61,17,9,17,14,1:13.525,1:14.012,
1215,61,19,10,19,15,1:11.358,1:10.105,
1216,61,15,8,15,16,1:16.226,,
1217,61,18,9,18,17,1:15.345,,
1218,61,16,8,16,18,1:13.918,,
1219,61,20,10,20,19,1:12.220,,
1220,61,13,7,13,20,1:15.602,,
1221,62,2,1,2,1,1:18.281,1:18.011,1:17.638
1222,62,4,2,4,2,1:13.426,1:12.844,1:12.208
1223,62,6,3,6,3,1:16.937,1:16.288,1:15.554
1224,62,10,5,10,4,1:11.921,1:11.073,1:10.656
1225,62,8,4,8,5,1:16.791,1:15.222,1:15.359
1226,62,1,1,1,6,1:15.544,1:15.773,1:14.783
1227,62,5,3,5,7,1:17.854,1:17.791,1:16.721
1228,62,3,2,3,8,1:12.830,1:12.205,1:11.240
1229,62,7,4,7,9,1:17.143,1:16.058,1:16.640
1230,62,17,9,17,10,1:17.128,1:17.379,1:17.506
1231,62,14,7,14,11,1:14.577,1:14.176,
1232,62,19,10,19,12,1:15.272,1:14.197,
1233,62,18,9,18,13,1:17.772,1:16.244,
1234,62,12,6,12,14,1:15.227,1:15.520,
1235,62,11,6,11,15,1:17.899,1:16.168,
1236,62,20,10,20,16,1:13.937,,
1237,62,9,5,9,17,1:14.512,,
1238,62,15,8,15,18,1:14.652,,
1239,62,16,8,16,19,1:14.598,,
1240,62,13,7,13,20,1:13.091,,
1241,63,5,3,5,1,1:14.488,1:14.632,1:12.141
1242,63,4,2,4,2,1:12.592,1:12.864,1:12.029
1243,63,6,3,6,3,1:15.328,1:14.171,1:14.701
1244,63,2,1,2,4,1:14.127,1:13.859,1:12.735
1245,63,1,1,1,5,1:12.668,1:12.961,1:11.570
1246,63,10,5,10,6,1:13.408,1:13.090,1:12.435
1247,63,12,6,12,7,1:14.489,1:14.132,1:13.683
1248,63,17,9,17,8,1:17.222,1:16.437,1:16.683
1249,63,11,6,11,9,1:09.870,1:09.776,1:08.755
1250,63,3,2,3,10,1:15.380,1:15.102,1:15.028
1251,63,19,10,19,11,1:14.546,1:15.557,
1252,63,20,10,20,12,1:16.218,1:15.125,
1253,63,8,4,8,13,1:15.918,1:15.268,
1254,63,13,7,13,14,1:15.987,1:15.069,
1255,63,16,8,16,15,1:16.293,1:15.347,
1256,63,7,4,7,16,1:10.874,,
1257,63,14,7,14,17,1:14.735,,
1258,63,18,9,18,18,1:15.171,,
1259,63,15,8,15,19,1:12.077,,
1260,63,9,5,9,20,1:16.403,,
1261,64,5,3,5,1,1:17.061,1:16.400,1:15.869
1262,64,3,2,3,2,1:12.058,1:11.089,1:11.069
1263,64,4,2,4,3,1:12.882,1:11.123,1:11.212
1264,64,6,3,6,4,1:14.888,1:15.682,1:14.299
1265,64,2,1,2,5,1:14.160,1:13.613,1:12.501
1266,64,1,1,1,6,1:15.659,1:15.241,1:14.221
1267,64,10,5,10,7,1:15.778,1:15.826,1:15.279
1268,64,11,6,11,8,1:15.189,1:14.545,1:14.293
1269,64,9,5,9,9,1:15.046,1:14.421,1:13.702
1270,64,12,6,12,10,1:17.193,1:17.065,1:17.554
1271,64,16,8,16,11,1:18.572,1:17.892,
1272,64,20,10,20,12,1:15.936,1:15.699,
1273,64,19,10,19,13,1:14.770,1:13.609,
1274,64,8,4,8,14,1:14.698,1:14.836,
1275,64,18,9,18,15,1:11.514,1:10.552,
1276,64,14,7,14,16,1:13.069,,
1277,64,7,4,7,17,1:15.847,,
1278,64,17,9,17,18,1:12.841,,
1279,64,13,7,13,19,1:15.891,,
1280,64,15,8,15,20,1:12.495,,
1281,65,5,3,5,1,1:14.646,1:14.937,1:13.652
1282,65,3,2,3,2,1:14.622,1:14.091,1:13.653
1283,65,2,1,2,3,1:15.124,1:14.200,1:13.001
1284,65,1,1,1,4,1:14.621,1:13.539,1:12.985
1285,65,4,2,4,5,1:10.973,1:09.255,1:09.380
1286,65,6,3,6,6,1:14.575,1:14.547,1:13.960
1287,65,13,7,13,7,1:15.490,1:13.895,1:13.059
1288,65,11,6,11,8,1:15.496,1:15.747,1:15.078
1289,65,17,9,17,9,1:08.699,1:09.153,1:08.462
1290,65,14,7,14,10,1:19.171,1:18.506,1:18.645
1291,65,18,9,18,11,1:16.237,1:15.739,
1292,65,12,6,12,12,1:17.155,1:17.959,
1293,65,8,4,8,13,1:13.128,1:13.429,
1294,65,9,5,9,14,1:15.300,1:14.636,
1295,65,19,10,19,15,1:13.133,1:12.444,
1296,65,10,5,10,16,1:15.257,,
1297,65,20,10,20,17,1:12.525,,
1298,65,7,4,7,18,1:15.468,,
1299,65,16,8,16,19,1:17.564,,
1300,65,15,8,15,20,1:16.185,,
1301,66,1,1,1,1,1:15.835,1:13.755,1:13.795
1302,66,4,2,4,2,1:16.356,1:16.267,1:15.694
1303,66,5,3,5,3,1:15.529,1:14.709,1:14.688
1304,66,2,1,2,4,1:14.651,1:15.259,1:13.937
1305,66,3,2,3,5,1:14.151,1:13.990,1:13.734
1306,66,6,3,6,6,1:15.573,1:14.380,1:14.947
1307,66,8,4,8,7,1:16.108,1:16.917,1:16.885
1308,66,15,8,15,8,1:15.985,1:15.763,1:14.979
1309,66,7,4,7,9,1:13.295,1:13.235,1:12.680
1310,66,11,6,11,10,1:14.323,1:14.948,1:13.600
1311,66,19,10,19,11,1:15.388,1:15.237,
1312,66,17,9,17,12,1:15.206,1:15.410,
1313,66,9,5,9,13,1:11.125,1:11.020,
1314,66,16,8,16,14,1:16.042,1:16.882,
1315,66,12,6,12,15,1:13.552,1:14.913,
1316,66,10,5,10,16,1:16.767,,
1317,66,14,7,14,17,1:15.306,,
1318,66,13,7,13,18,1:11.630,,
1319,66,18,9,18,19,1:16.442,,
1320,66,20,10,20,20,1:16.317,,
1321,67,4,2,4,1,1:12.949,1:12.251,1:12.161
1322,67,5,3,5,2,1:14.323,1:13.017,1:12.407
1323,67,2,1,2,3,1:11.877,1:10.019,1:10.802
1324,67,1,1,1,4,1:17.318,1:16.350,1:15.233
1325,67,6,3,6,5,1:16.289,1:16.760,1:16.214
1326,67,3,2,3,6,1:16.996,1:15.067,1:15.076
1327,67,7,4,7,7,1:16.764,1:14.132,1:14.196
1328,67,8,4,8,8,1:15.936,1:14.205,1:13.474
1329,67,12,6,12,9,1:10.682,1:10.756,1:09.461
1330,67,13,7,13,10,1:12.019,1:11.476,1:10.953
1331,67,17,9,17,11,1:15.722,1:14.700,
1332,67,19,10,19,12,1:16.625,1:15.775,
1333,67,10,5,10,13,1:16.876,1:15.555,
1334,67,11,6,11,14,1:14.382,1:14.888,
1335,67,20,10,20,15,1:11.170,1:10.524,
1336,67,14,7,14,16,1:14.184,,
1337,67,15,8,15,17,1:13.208,,
1338,67,18,9,18,18,1:12.360,,
1339,67,9,5,9,19,1:14.368,,
1340,67,16,8,16,20,1:13.724,,
1341,68,5,3,5,1,1:15.929,1:13.555,1:13.071
1342,68,1,1,1,2,1:12.267,1:11.909,1:11.253
1343,68,3,2,3,3,1:13.559,1:13.190,1:13.264
1344,68,4,2,4,4,1:13.475,1:12.383,1:12.937
1345,68,2,1,2,5,1:13.167,1:13.689,1:11.774
1346,68,6,3,6,6,1:12.675,1:12.530,1:11.897
1347,68,10,5,10,7,1:15.630,1:14.269,1:14.080
1348,68,12,6,12,8,1:14.487,1:13.989,1:12.477
1349,68,16,8,16,9,1:15.381,1:15.837,1:15.902
1350,68,15,8,15,10,1:14.908,1:14.060,1:13.725
1351,68,20,10,20,11,1:12.938,1:13.868,
1352,68,14,7,14,12,1:19.371,1:17.762,
1353,68,11,6,11,13,1:12.843,1:11.345,
1354,68,19,10,19,14,1:16.003,1:15.685,
1355,68,18,9,18,15,1:16.044,1:16.583,
1356,68,17,9,17,16,1:17.108,,
1357,68,13,7,13,17,1:15.453,,
1358,68,8,4,8,18,1:13.273,,
1359,68,7,4,7,19,1:18.466,,
1360,68,9,5,9,20,1:17.423,,
1361,69,2,1,2,1,1:15.431,1:14.962,1:14.693
1362,69,1,1,1,2,1:16.823,1:16.901,1:15.510
1363,69,4,2,4,3,1:12.875,1:12.569,1:11.927
1364,69,3,2,3,4,1:12.146,1:12.117,1:12.134
1365,69,6,3,6,5,1:17.003,1:17.002,1:17.258
1366,69,5,3,5,6,1:12.317,1:11.598,1:11.050
1367,69,10,5,10,7,1:18.679,1:17.685,1:17.510
1368,69,17,9,17,8,1:17.571,1:17.933,1:16.743
1369,69,14,7,14,9,1:14.418,1:14.459,1:13.995
1370,69,7,4,7,10,1:14.537,1:14.725,1:14.142
1371,69,11,6,11,11,1:17.140,1:17.345,
1372,69,9,5,9,12,1:19.829,1:19.696,
1373,69,12,6,12,13,1:13.369,1:13.621,
1374,69,16,8,16,14,1:13.209,1:13.547,
1375,69,20,10,20,15,1:11.623,1:10.218,
1376,69,19,10,19,16,1:19.947,,
1377,69,8,4,8,17,1:16.875,,
1378,69,18,9,18,18,1:14.539,,
1379,69,13,7,13,19,1:11.616,,
1380,69,15,8,15,20,1:11.795,,
1381,70,2,1,2,1,1:15.264,1:15.500,1:15.278
1382,70,1,1,1,2,1:16.465,1:15.821,1:14.798
1383,70,6,3,6,3,1:14.363,1:12.520,1:12.860
1384,70,4,2,4,4,1:15.750,1:16.293,1:15.846
1385,70,3,2,3,5,1:15.141,1:15.250,1:14.957
1386,70,7,4,7,6,1:12.531,1:12.691,1:11.271
1387,70,11,6,11,7,1:13.871,1:12.925,1:11.163
1388,70,19,10,19,8,1:17.087,1:16.809,1:16.562
1389,70,16,8,16,9,1:14.548,1:13.558,1:13.099
1390,70,5,3,5,10,1:14.689,1:13.476,1:13.684
1391,70,8,4,8,11,1:13.950,1:12.301,
1392,70,20,10,20,12,1:16.138,1:15.198,
1393,70,14,7,14,13,1:20.649,1:19.409,
1394,70,12,6,12,14,1:11.211,1:11.247,
1395,70,9,5,9,15,1:15.458,1:14.918,
1396,70,10,5,10,16,1:18.388,,
1397,70,17,9,17,17,1:11.558,,
1398,70,18,9,18,18,1:16.283,,
1399,70,13,7,13,19,1:11.550,,
1400,70,15,8,15,20,1:14.948,,
1401,71,5,3,5,1,1:15.878,1:15.964,1:15.817
1402,71,1,1,1,2,1:15.192,1:14.653,1:14.783
1403,71,4,2,4,3,1:17.469,1:16.349,1:15.774
1404,71,3,2,3,4,1:13.594,1:13.812,1:12.079
1405,71,2,1,2,5,1:19.237,1:17.937,1:17.315
1406,71,11,6,11,6,1:14.533,1:13.973,1:13.219
1407,71,8,4,8,7,1:10.166,1:10.315,1:09.115
1408,71,6,3,6,8,1:17.307,1:16.641,1:16.239
1409,71,15,8,15,9,1:15.966,1:15.765,1:15.861
1410,71,9,5,9,10,1:15.874,1:14.401,1:14.038
1411,71,12,6,12,11,1:11.741,1:10.818,
1412,71,10,5,10,12,1:14.849,1:15.447,
1413,71,13,7,13,13,1:13.075,1:12.900,
1414,71,7,4,7,14,1:18.614,1:18.275,
1415,71,19,10,19,15,1:14.367,1:13.470,
1416,71,14,7,14,16,1:18.369,,
1417,71,18,9,18,17,1:18.814,,
1418,71,20,10,20,18,1:13.602,,
1419,71,16,8,16,19,1:16.551,,
1420,71,17,9,17,20,1:12.046,,
1421,72,2,1,2,1,1:17.097,1:18.567,1:17.629
1422,72,4,2,4,2,1:12.965,1:12.476,1:12.228
1423,72,5,3,5,3,1:17.071,1:16.094,1:15.587
1424,72,6,3,6,4,1:17.911,1:16.381,1:15.569
1425,72,1,1,1,5,1:12.007,1:11.230,1:11.185
1426,72,3,2,3,6,1:13.269,1:13.586,1:13.223
1427,72,11,6,11,7,1:12.897,1:11.997,1:10.717
1428,72,8,4,8,8,1:15.787,1:15.373,1:15.563
1429,72,10,5,10,9,1:16.119,1:16.568,1:15.185
1430,72,12,6,12,10,1:14.349,1:13.638,1:12.381
1431,72,19,10,19,11,1:20.162,1:20.192,
1432,72,7,4,7,12,1:16.622,1:16.269,
1433,72,9,5,9,13,1:17.753,1:16.045,
1434,72,15,8,15,14,1:15.131,1:14.945,
1435,72,20,10,20,15,1:14.355,1:14.970,
1436,72,16,8,16,16,1:13.444,,
1437,72,18,9,18,17,1:18.501,,
1438,72,17,9,17,18,1:13.669,,
1439,72,14,7,14,19,1:13.362,,
1440,72,13,7,13,20,1:10.709,,
1441,73,5,3,5,1,1:16.433,1:15.545,1:15.644
1442,73,2,1,2,2,1:14.944,1:13.711,1:13.548
1443,73,4,2,4,3,1:12.086,1:11.094,1:11.195
1444,73,1,1,1,4,1:14.012,1:15.253,1:13.080
1445,73,6,3,6,5,1:14.579,1:15.206,1:14.271
1446,73,3,2,3,6,1:15.002,1:14.965,1:14.350
1447,73,11,6,11,7,1:13.807,1:13.783,1:13.502
1448,73,7,4,7,8,1:13.449,1:12.438,1:11.531
1449,73,12,6,12,9,1:13.972,1:13.848,1:13.954
1450,73,16,8,16,10,1:15.980,1:16.140,1:15.005
1451,73,9,5,9,11,1:13.797,1:13.881,
1452,73,18,9,18,12,1:16.404,1:16.183,
1453,73,10,5,10,13,1:16.087,1:15.517,
1454,73,14,7,14,14,1:15.190,1:15.953,
1455,73,13,7,13,15,1:13.649,1:12.789,
1456,73,20,10,20,16,1:14.667,,
1457,73,17,9,17,17,1:13.896,,
1458,73,8,4,8,18,1:15.285,,
1459,73,15,8,15,19,1:11.203,,
1460,73,19,10,19,20,1:12.292,,
1461,74,2,1,2,1,1:14.436,1:13.626,1:12.497
1462,74,4,2,4,2,1:13.675,1:13.360,1:13.948
1463,74,3,2,3,3,1:15.221,1:15.843,1:14.685
1464,74,5,3,5,4,1:16.952,1:16.769,1:15.832
1465,74,1,1,1,5,1:13.034,1:13.380,1:12.396
1466,74,6,3,6,6,1:13.164,1:12.257,1:12.101
1467,74,12,6,12,7,1:13.044,1:13.479,1:13.495
1468,74,11,6,11,8,1:18.516,1:18.897,1:17.153
1469,74,17,9,17,9,1:13.251,1:12.067,1:11.864
1470,74,19,10,19,10,1:11.661,1:12.935,1:11.573
1471,74,18,9,18,11,1:16.838,1:16.220,
1472,74,8,4,8,12,1:14.353,1:13.180,
1473,74,14,7,14,13,1:14.214,1:13.579,
1474,74,7,4,7,14,1:13.760,1:13.920,
1475,74,16,8,16,15,1:15.544,1:14.552,
1476,74,10,5,10,16,1:14.356,,
1477,74,9,5,9,17,1:13.577,,
1478,74,13,7,13,18,1:14.096,,
1479,74,20,10,20,19,1:15.052,,
1480,74,15,8,15,20,1:10.935,,
1481,75,4,2,4,1,1:14.441,1:13.038,1:12.907
1482,75,1,1,1,2,1:15.330,1:14.992,1:14.334
1483,75,5,3,5,3,1:17.225,1:16.954,1:16.611
1484,75,2,1,2,4,1:14.540,1:13.645,1:12.989
1485,75,11,6,11,5,1:15.490,1:14.404,1:14.271
1486,75,3,2,3,6,1:15.886,1:15.191,1:14.602
1487,75,10,5,10,7,1:14.424,1:14.527,1:14.357
1488,75,6,3,6,8,1:14.327,1:15.761,1:14.511
1489,75,7,4,7,9,1:15.384,1:15.253,1:15.922
1490,75,12,6,12,10,1:15.072,1:14.793,1:14.599
1491,75,8,4,8,11,1:09.520,1:10.329,
1492,75,9,5,9,12,1:13.601,1:12.263,
1493,75,19,10,19,13,1:15.710,1:16.862,
1494,75,18,9,18,14,1:16.738,1:16.515,
1495,75,17,9,17,15,1:14.400,1:14.750,
1496,75,13,7,13,16,1:12.003,,
1497,75,16,8,16,17,1:11.394,,
1498,75,14,7,14,18,1:14.965,,
1499,75,20,10,20,19,1:19.105,,
1500,75,15,8,15,20,1:14.485,,
1501,76,5,3,5,1,1:15.147,1:14.573,1:14.524
1502,76,3,2,3,2,1:16.569,1:15.872,1:15.407
1503,76,1,1,1,3,1:11.616,1:11.604,1:11.600
1504,76,4,2,4,4,1:15.951,1:16.354,1:15.903
1505,76,2,1,2,5,1:14.649,1:15.592,1:14.930
1506,76,6,3,6,6,1:13.414,1:13.161,1:12.843
1507,76,20,10,20,7,1:16.918,1:16.008,1:15.211
1508,76,14,7,14,8,1:14.110,1:14.840,1:13.202
1509,76,17,9,17,9,1:12.265,1:12.571,1:12.204
1510,76,8,4,8,10,1:15.459,1:14.474,1:14.380
1511,76,12,6,12,11,1:12.142,1:12.862,
1512,76,19,10,19,12,1:16.033,1:14.889,
1513,76,10,5,10,13,1:15.608,1:15.779,
1514,76,7,4,7,14,1:15.292,1:15.902,
1515,76,9,5,9,15,1:16.571,1:15.047,
1516,76,11,6,11,16,1:16.307,,
1517,76,13,7,13,17,1:15.595,,
1518,76,16,8,16,18,1:14.485,,
1519,76,18,9,18,19,1:17.040,,
1520,76,15,8,15,20,1:18.184,,
1521,77,5,3,5,1,1:10.570,1:09.800,1:09.687
1522,77,6,3,6,2,1:16.296,1:15.468,1:14.950
1523,77,4,2,4,3,1:14.674,1:13.627,1:13.839
1524,77,12,6,12,4,1:14.878,1:13.939,1:12.173
1525,77,1,1,1,5,1:14.496,1:14.112,1:14.194
1526,77,3,2,3,6,1:14.895,1:14.307,1:13.303
1527,77,10,5,10,7,1:14.081,1:13.117,1:13.820
1528,77,2,1,2,8,1:16.783,1:16.598,1:16.861
1529,77,8,4,8,9,1:13.184,1:14.153,1:13.853
1530,77,7,4,7,10,1:15.616,1:14.547,1:14.577
1531,77,11,6,11,11,1:15.261,1:14.125,
1532,77,16,8,16,12,1:13.442,1:12.974,
1533,77,15,8,15,13,1:15.712,1:15.089,
1534,77,19,10,19,14,1:11.837,1:11.697,
1535,77,13,7,13,15,1:17.862,1:18.811,
1536,77,17,9,17,16,1:16.691,,
1537,77,9,5,9,17,1:13.801,,
1538,77,18,9,18,18,1:14.269,,
1539,77,14,7,14,19,1:14.304,,
1540,77,20,10,20,20,1:15.207,,
1541,78,3,2,3,1,1:13.409,1:12.545,1:12.377
1542,78,5,3,5,2,1:12.763,1:12.573,1:11.393
1543,78,2,1,2,3,1:16.236,1:15.460,1:14.320
1544,78,6,3,6,4,1:17.004,1:16.522,1:15.719
1545,78,4,2,4,5,1:15.785,1:14.626,1:14.216
1546,78,1,1,1,6,1:16.605,1:14.540,1:14.163
1547,78,17,9,17,7,1:16.522,1:15.553,1:15.234
1548,78,12,6,12,8,1:14.926,1:13.291,1:13.159
1549,78,11,6,11,9,1:13.987,1:12.224,1:12.507
1550,78,7,4,7,10,1:13.535,1:14.736,1:13.509
1551,78,9,5,9,11,1:14.625,1:14.720,
1552,78,8,4,8,12,1:12.265,1:13.576,
1553,78,10,5,10,13,1:15.484,1:14.984,
1554,78,16,8,16,14,1:15.248,1:15.835,
1555,78,14,7,14,15,1:14.627,1:13.260,
1556,78,20,10,20,16,1:15.540,,
1557,78,18,9,18,17,1:16.909,,
1558,78,15,8,15,18,1:14.808,,
1559,78,13,7,13,19,1:13.313,,
1560,78,19,10,19,20,1:16.346,,
1561,79,4,2,4,1,1:13.460,1:14.883,1:13.479
1562,79,1,1,1,2,1:15.267,1:14.979,1:14.352
1563,79,5,3,5,3,1:14.221,1:14.896,1:13.062
1564,79,11,6,11,4,1:15.962,1:16.830,1:15.010
1565,79,2,1,2,5,1:14.238,1:14.950,1:14.342
1566,79,3,2,3,6,1:12.888,1:11.632,1:11.906
1567,79,6,3,6,7,1:15.744,1:15.441,1:14.628
1568,79,12,6,12,8,1:12.926,1:12.001,1:11.810
1569,79,18,9,18,9,1:18.916,1:17.642,1:17.449
1570,79,19,10,19,10,1:17.955,1:17.215,1:16.276
1571,79,8,4,8,11,1:12.556,1:13.961,
1572,79,17,9,17,12,1:13.621,1:13.831,
1573,79,7,4,7,13,1:16.523,1:15.224,
1574,79,14,7,14,14,1:14.565,1:13.503,
1575,79,9,5,9,15,1:17.310,1:16.808,
1576,79,10,5,10,16,1:13.881,,
1577,79,20,10,20,17,1:15.246,,
1578,79,13,7,13,18,1:13.167,,
1579,79,15,8,15,19,1:13.751,,
1580,79,16,8,16,20,1:19.533,,
1581,80,5,3,5,1,1:14.557,1:13.823,1:12.841
1582,80,1,1,1,2,1:19.107,1:18.142,1:17.568
1583,80,3,2,3,3,1:14.241,1:13.257,1:13.748
1584,80,4,2,4,4,1:15.367,1:13.761,1:13.264
1585,80,6,3,6,5,1:13.815,1:12.463,1:12.446
1586,80,11,6,11,6,1:13.793,1:13.220,1:13.554
1587,80,2,1,2,7,1:15.841,1:14.592,1:13.765
1588,80,17,9,17,8,1:12.426,1:12.222,1:12.756
1589,80,10,5,10,9,1:15.452,1:14.319,1:13.769
1590,80,12,6,12,10,1:15.585,1:15.520,1:14.278
1591,80,8,4,8,11,1:15.224,1:14.527,
1592,80,18,9,18,12,1:13.135,1:12.024,
1593,80,14,7,14,13,1:16.561,1:15.680,
1594,80,7,4,7,14,1:18.973,1:17.681,
1595,80,9,5,9,15,1:15.690,1:15.087,
1596,80,20,10,20,16,1:15.221,,
1597,80,19,10,19,17,1:17.977,,
1598,80,16,8,16,18,1:12.929,,
1599,80,13,7,13,19,1:09.109,,
1600,80,15,8,15,20,1:16.872,,
1601,81,3,2,3,1,1:17.132,1:17.779,1:16.508
1602,81,4,2,4,2,1:14.033,1:13.503,1:13.827
1603,81,1,1,1,3,1:14.904,1:14.089,1:13.332
1604,81,6,3,6,4,1:14.414,1:13.855,1:12.254
1605,81,19,10,19,5,1:19.154,1:18.697,1:17.196
1606,81,5,3,5,6,1:14.366,1:13.536,1:13.770
1607,81,11,6,11,7,1:17.207,1:16.422,1:15.092
1608,81,20,10,20,8,1:14.418,1:13.733,1:13.522
1609,81,9,5,9,9,1:13.991,1:12.645,1:12.265
1610,81,2,1,2,10,1:12.054,1:11.140,1:11.073
1611,81,15,8,15,11,1:16.487,1:15.434,
1612,81,7,4,7,12,1:12.115,1:12.370,
1613,81,18,9,18,13,1:15.009,1:15.472,
1614,81,17,9,17,14,1:19.258,1:18.720,
1615,81,8,4,8,15,1:12.715,1:12.619,
1616,81,10,5,10,16,1:13.745,,
1617,81,13,7,13,17,1:17.541,,
1618,81,12,6,12,18,1:14.182,,
1619,81,16,8,16,19,1:12.388,,
1620,81,14,7,14,20,1:13.917,,
1621,82,12,6,12,1,1:15.441,1:15.561,1:14.197
1622,82,3,2,3,2,1:17.278,1:17.942,1:16.163
1623,82,4,2,4,3,1:15.443,1:15.141,1:14.280
1624,82,2,1,2,4,1:15.879,1:16.857,1:15.047
1625,82,17,9,17,5,1:12.938,1:12.250,1:11.867
1626,82,7,4,7,6,1:16.157,1:14.356,1:14.547
1627,82,5,3,5,7,1:13.087,1:12.035,1:12.313
1628,82,6,3,6,8,1:15.056,1:14.282,1:14.444
1629,82,13,7,13,9,1:16.064,1:15.428,1:14.854
1630,82,19,10,19,10,1:15.116,1:14.778,1:13.819
1631,82,1,1,1,11,1:12.286,1:11.535,
1632,82,11,6,11,12,1:16.864,1:16.370,
1633,82,15,8,15,13,1:15.038,1:14.896,
1634,82,18,9,18,14,1:13.419,1:13.878,
1635,82,9,5,9,15,1:17.028,1:16.040,
1636,82,14,7,14,16,1:18.569,,
1637,82,16,8,16,17,1:16.320,,
1638,82,8,4,8,18,1:13.024,,
1639,82,10,5,10,19,1:14.496,,
1640,82,20,10,20,20,1:08.771,,
1641,83,1,1,1,1,1:15.810,1:14.092,1:14.800
1642,83,2,1,2,2,1:14.438,1:13.842,1:12.667
1643,83,4,2,4,3,1:14.280,1:13.902,1:12.888
1644,83,6,3,6,4,1:14.408,1:13.577,1:13.911
1645,83,7,4,7,5,1:19.558,1:18.885,1:16.682
1646,83,3,2,3,6,1:14.386,1:13.165,1:13.854
1647,83,11,6,11,7,1:14.864,1:14.547,1:14.238
1648,83,5,3,5,8,1:16.106,1:15.891,1:14.527
1649,83,10,5,10,9,1:15.923,1:13.144,1:13.675
1650,83,8,4,8,10,1:17.092,1:17.129,1:17.860
1651,83,18,9,18,11,1:14.798,1:13.174,
1652,83,12,6,12,12,1:13.097,1:13.102,
1653,83,17,9,17,13,1:16.567,1:15.015,
1654,83,14,7,14,14,1:17.133,1:16.257,
1655,83,19,10,19,15,1:15.915,1:14.311,
1656,83,9,5,9,16,1:18.647,,
1657,83,16,8,16,17,1:17.490,,
1658,83,13,7,13,18,1:16.886,,
1659,83,20,10,20,19,1:13.632,,
1660,83,15,8,15,20,1:15.971,,
1661,84,4,2,4,1,1:14.635,1:13.079,1:13.658
1662,84,3,2,3,2,1:13.852,1:13.187,1:12.018
1663,84,5,3,5,3,1:13.997,1:13.265,1:12.066
1664,84,11,6,11,4,1:15.277,1:13.730,1:13.276
1665,84,6,3,6,5,1:15.242,1:14.901,1:14.938
1666,84,1,1,1,6,1:14.851,1:13.604,1:13.478
1667,84,2,1,2,7,1:10.041,1:09.777,1:09.051
1668,84,12,6,12,8,1:14.408,1:13.817,1:13.868
1669,84,8,4,8,9,1:15.569,1:16.224,1:15.951
1670,84,10,5,10,10,1:12.891,1:11.975,1:11.742
1671,84,7,4,7,11,1:14.255,1:13.436,
1672,84,9,5,9,12,1:12.789,1:12.737,
1673,84,16,8,16,13,1:16.762,1:15.057,
1674,84,19,10,19,14,1:13.221,1:13.993,
1675,84,20,10,20,15,1:11.342,1:11.987,
1676,84,17,9,17,16,1:17.951,,
1677,84,14,7,14,17,1:14.397,,
1678,84,18,9,18,18,1:15.690,,
1679,84,15,8,15,19,1:15.914,,
1680,84,13,7,13,20,1:12.922,,
1681,85,1,1,1,1,1:15.538,1:14.526,1:14.158
1682,85,2,1,2,2,1:11.862,1:11.163,1:11.638
1683,85,3,2,3,3,1:14.560,1:14.181,1:13.572
1684,85,4,2,4,4,1:17.633,1:16.281,1:16.226
1685,85,5,3,5,5,1:13.681,1:13.089,1:12.118
1686,85,11,6,11,6,1:14.311,1:14.902,1:13.317
1687,85,6,3,6,7,1:13.004,1:13.768,1:13.366
1688,85,14,7,14,8,1:18.441,1:18.832,1:17.187
1689,85,8,4,8,9,1:11.277,1:10.193,1:09.942
1690,85,12,6,12,10,1:14.899,1:14.718,1:13.318
1691,85,9,5,9,11,1:15.389,1:15.709,
1692,85,15,8,15,12,1:13.029,1:13.793,
1693,85,17,9,17,13,1:14.337,1:14.137,
1694,85,16,8,16,14,1:17.336,1:17.233,
1695,85,20,10,20,15,1:14.391,1:14.256,
1696,85,7,4,7,16,1:16.360,,
1697,85,18,9,18,17,1:15.178,,
1698,85,10,5,10,18,1:16.812,,
1699,85,13,7,13,19,1:15.703,,
1700,85,19,10,19,20,1:15.606,,
1701,86,1,1,1,1,1:14.174,1:12.820,1:12.732
1702,86,2,1,2,2,1:14.312,1:13.237,1:13.805
1703,86,4,2,4,3,1:15.610,1:13.578,1:13.721
1704,86,6,3,6,4,1:15.681,1:14.158,1:14.624
1705,86,3,2,3,5,1:10.221,1:10.287,1:10.900
1706,86,5,3,5,6,1:13.324,1:13.760,1:13.266
1707,86,12,6,12,7,1:17.793,1:16.143,1:15.242
1708,86,11,6,11,8,1:14.449,1:14.524,1:13.266
1709,86,19,10,19,9,1:13.218,1:13.093,1:13.157
1710,86,7,4,7,10,1:18.598,1:17.604,1:17.106
1711,86,16,8,16,11,1:14.058,1:15.991,
1712,86,10,5,10,12,1:15.144,1:14.126,
1713,86,9,5,9,13,1:19.120,1:19.743,
1714,86,8,4,8,14,1:15.469,1:14.180,
1715,86,14,7,14,15,1:14.294,1:14.964,
1716,86,13,7,13,16,1:14.811,,
1717,86,18,9,18,17,1:15.982,,
1718,86,20,10,20,18,1:15.434,,
1719,86,15,8,15,19,1:14.025,,
1720,86,17,9,17,20,1:15.150,,
1721,87,3,2,3,1,1:16.770,1:14.747,1:14.952
1722,87,5,3,5,2,1:15.137,1:14.465,1:13.076
1723,87,6,3,6,3,1:14.530,1:13.797,1:13.008
1724,87,4,2,4,4,1:17.106,1:17.964,1:17.291
1725,87,1,1,1,5,1:16.667,1:15.598,1:15.425
1726,87,12,6,12,6,1:15.539,1:14.951,1:14.771
1727,87,19,10,19,7,1:12.911,1:12.069,1:11.207
1728,87,7,4,7,8,1:15.131,1:15.731,1:14.849
1729,87,20,10,20,9,1:15.661,1:15.330,1:14.943
1730,87,2,1,2,10,1:16.519,1:15.106,1:14.884
1731,87,11,6,11,11,1:10.853,1:08.303,
1732,87,9,5,9,12,1:16.277,1:15.541,
1733,87,13,7,13,13,1:18.102,1:17.467,
1734,87,8,4,8,14,1:16.558,1:16.595,
1735,87,16,8,16,15,1:16.872,1:16.413,
1736,87,14,7,14,16,1:13.378,,
1737,87,18,9,18,17,1:15.375,,
1738,87,10,5,10,18,1:15.121,,
1739,87,15,8,15,19,1:14.838,,
1740,87,17,9,17,20,1:15.895,,
1741,88,6,3,6,1,1:14.185,1:14.275,1:14.446
1742,88,2,1,2,2,1:14.929,1:14.851,1:13.427
1743,88,5,3,5,3,1:13.214,1:13.991,1:13.509
1744,88,1,1,1,4,1:18.410,1:18.771,1:17.744
1745,88,17,9,17,5,1:20.299,1:19.145,1:18.769
1746,88,3,2,3,6,1:13.629,1:14.315,1:13.198
1747,88,4,2,4,7,1:17.104,1:17.009,1:16.624
1748,88,11,6,11,8,1:17.923,1:15.801,1:15.170
1749,88,7,4,7,9,1:15.022,1:15.178,1:15.400
1750,88,8,4,8,10,1:18.411,1:17.753,1:16.751
1751,88,10,5,10,11,1:16.485,1:16.492,
1752,88,14,7,14,12,1:17.115,1:17.543,
1753,88,12,6,12,13,1:16.854,1:15.220,
1754,88,13,7,13,14,1:12.133,1:12.518,
1755,88,16,8,16,15,1:15.489,1:14.828,
1756,88,9,5,9,16,1:15.239,,
1757,88,15,8,15,17,1:14.167,,
1758,88,18,9,18,18,1:12.275,,
1759,88,19,10,19,19,1:14.606,,
1760,88,20,10,20,20,1:17.420,,
1761,89,5,3,5,1,1:13.908,1:11.302,1:11.775
1762,89,6,3,6,2,1:16.768,1:16.374,1:15.746
1763,89,3,2,3,3,1:15.043,1:14.108,1:13.097
1764,89,1,1,1,4,1:14.523,1:14.279,1:13.044
1765,89,2,1,2,5,1:14.997,1:13.229,1:12.816
1766,89,4,2,4,6,1:12.144,1:12.754,1:11.985
1767,89,12,6,12,7,1:14.703,1:14.484,1:13.082
1768,89,17,9,17,8,1:15.591,1:14.150,1:14.755
1769,89,7,4,7,9,1:15.282,1:13.636,1:14.735
1770,89,9,5,9,10,1:16.625,1:15.119,1:15.068
1771,89,11,6,11,11,1:13.589,1:13.498,
1772,89,10,5,10,12,1:12.505,1:11.614,
1773,89,8,4,8,13,1:16.251,1:15.811,
1774,89,19,10,19,14,1:15.202,1:14.782,
1775,89,20,10,20,15,1:08.188,1:08.860,
1776,89,13,7,13,16,1:19.421,,
1777,89,18,9,18,17,1:12.323,,
1778,89,14,7,14,18,1:12.136,,
1779,89,15,8,15,19,1:17.379,,
1780,89,16,8,16,20,1:14.815,,
1781,90,4,2,4,1,1:17.797,1:16.078,1:14.967
1782,90,2,1,2,2,1:20.779,1:19.322,1:18.467
1783,90,1,1,1,3,1:10.073,1:10.658,1:09.744
1784,90,5,3,5,4,1:14.273,1:12.481,1:12.081
1785,90,8,4,8,5,1:13.509,1:13.386,1:12.596
1786,90,6,3,6,6,1:16.864,1:16.350,1:15.239
1787,90,3,2,3,7,1:15.524,1:15.156,1:15.198
1788,90,12,6,12,8,1:14.786,1:13.865,1:14.366
1789,90,7,4,7,9,1:12.917,1:11.578,1:11.903
1790,90,10,5,10,10,1:13.109,1:12.810,1:11.734
1791,90,13,7,13,11,1:13.582,1:12.839,
1792,90,9,5,9,12,1:16.279,1:15.541,
1793,90,19,10,19,13,1:16.568,1:17.701,
1794,90,14,7,14,14,1:14.275,1:13.219,
1795,90,11,6,11,15,1:17.733,1:17.048,
1796,90,16,8,16,16,1:17.669,,
1797,90,15,8,15,17,1:16.479,,
1798,90,20,10,20,18,1:15.911,,
1799,90,17,9,17,19,1:17.275,,
1800,90,18,9,18,20,1:12.998,,
1801,91,4,2,4,1,1:15.468,1:15.978,1:15.618
1802,91,1,1,1,2,1:10.307,1:10.422,1:09.513
1803,91,3,2,3,3,1:15.148,1:14.760,1:14.894
1804,91,5,3,5,4,1:12.544,1:12.398,1:11.791
1805,91,6,3,6,5,1:14.615,1:14.681,1:13.527
1806,91,2,1,2,6,1:16.948,1:16.658,1:15.818
1807,91,11,6,11,7,1:15.707,1:15.184,1:14.661
1808,91,9,5,9,8,1:15.172,1:15.786,1:15.346
1809,91,16,8,16,9,1:14.552,1:14.145,1:13.931
1810,91,8,4,8,10,1:17.732,1:17.838,1:17.163
1811,91,7,4,7,11,1:17.062,1:15.994,
1812,91,12,6,12,12,1:14.797,1:13.233,
1813,91,19,10,19,13,1:13.347,1:14.363,
1814,91,17,9,17,14,1:14.422,1:12.134,
1815,91,18,9,18,15,1:17.581,1:16.400,
1816,91,14,7,14,16,1:14.949,,
1817,91,13,7,13,17,1:12.469,,
1818,91,20,10,20,18,1:15.275,,
1819,91,10,5,10,19,1:17.913,,
1820,91,15,8,15,20,1:13.321,,
1821,92,4,2,4,1,1:14.042,1:14.834,1:13.962
1822,92,6,3,6,2,1:09.421,1:09.490,1:09.615
1823,92,5,3,5,3,1:16.303,1:15.907,1:15.531
1824,92,12,6,12,4,1:10.230,1:09.895,1:08.363
1825,92,2,1,2,5,1:17.605,1:16.739,1:16.364
1826,92,1,1,1,6,1:17.180,1:16.341,1:16.195
1827,92,3,2,3,7,1:14.252,1:14.889,1:13.954
1828,92,10,5,10,8,1:16.525,1:16.410,1:15.527
1829,92,8,4,8,9,1:13.830,1:13.985,1:12.007
1830,92,11,6,11,10,1:14.202,1:12.639,1:12.363
1831,92,9,5,9,11,1:09.560,1:08.468,
1832,92,19,10,19,12,1:14.117,1:13.266,
1833,92,18,9,18,13,1:14.704,1:13.695,
1834,92,20,10,20,14,1:15.889,1:14.704,
1835,92,17,9,17,15,1:16.549,1:14.758,
1836,92,14,7,14,16,1:11.084,,
1837,92,13,7,13,17,1:14.696,,
1838,92,16,8,16,18,1:13.502,,
1839,92,15,8,15,19,1:11.967,,
1840,92,7,4,7,20,1:13.510,,
1841,93,4,2,4,1,1:16.389,1:16.363,1:15.359
1842,93,2,1,2,2,1:15.809,1:14.365,1:14.973
1843,93,1,1,1,3,1:14.201,1:13.462,1:12.541
1844,93,5,3,5,4,1:12.613,1:12.276,1:11.622
1845,93,3,2,3,5,1:15.589,1:14.174,1:14.853
1846,93,9,5,9,6,1:17.170,1:16.036,1:15.634
1847,93,6,3,6,7,1:09.754,1:10.149,1:09.501
1848,93,10,5,10,8,1:11.615,1:10.865,1:10.095
1849,93,7,4,7,9,1:16.006,1:15.329,1:15.082
1850,93,12,6,12,10,1:15.761,1:15.656,1:14.018
1851,93,11,6,11,11,1:14.101,1:14.940,
1852,93,15,8,15,12,1:13.592,1:11.543,
1853,93,20,10,20,13,1:13.687,1:13.113,
1854,93,17,9,17,14,1:16.575,1:15.793,
1855,93,8,4,8,15,1:17.225,1:17.225,
1856,93,13,7,13,16,1:15.032,,
1857,93,19,10,19,17,1:18.730,,
1858,93,14,7,14,18,1:15.067,,
1859,93,18,9,18,19,1:15.917,,
1860,93,16,8,16,20,1:18.910,,
1861,94,6,3,6,1,1:17.572,1:18.064,1:17.168
1862,94,4,2,4,2,1:12.024,1:11.227,1:11.117
1863,94,1,1,1,3,1:12.946,1:11.661,1:10.923
1864,94,5,3,5,4,1:14.022,1:14.680,1:13.825
1865,94,2,1,2,5,1:16.406,1:16.357,1:16.889
1866,94,11,6,11,6,1:11.917,1:10.314,1:09.939
1867,94,7,4,7,7,1:13.958,1:12.244,1:11.817
1868,94,12,6,12,8,1:12.913,1:12.305,1:12.476
1869,94,3,2,3,9,1:15.942,1:15.536,1:14.725
1870,94,17,9,17,10,1:15.463,1:15.779,1:14.912
1871,94,20,10,20,11,1:15.918,1:14.967,
1872,94,8,4,8,12,1:15.905,1:15.088,
1873,94,9,5,9,13,1:14.562,1:13.658,
1874,94,14,7,14,14,1:13.719,1:13.137,
1875,94,19,10,19,15,1:16.114,1:15.091,
1876,94,13,7,13,16,1:16.090,,
1877,94,10,5,10,17,1:15.965,,
1878,94,15,8,15,18,1:15.011,,
1879,94,18,9,18,19,1:16.317,,
1880,94,16,8,16,20,1:15.261,,
1881,95,6,3,6,1,1:15.068,1:15.364,1:14.043
1882,95,3,2,3,2,1:14.453,1:13.238,1:13.007
1883,95,4,2,4,3,1:14.750,1:14.788,1:14.393
1884,95,2,1,2,4,1:12.800,1:11.093,1:11.291
1885,95,1,1,1,5,1:16.514,1:15.236,1:15.945
1886,95,7,4,7,6,1:11.373,1:11.195,1:11.703
1887,95,18,9,18,7,1:14.907,1:12.986,1:12.656
1888,95,11,6,11,8,1:15.783,1:14.740,1:13.946
1889,95,5,3,5,9,1:14.332,1:14.207,1:14.404
1890,95,8,4,8,10,1:18.857,1:16.429,1:16.646
1891,95,20,10,20,11,1:14.337,1:13.372,
1892,95,13,7,13,12,1:17.061,1:17.485,
1893,95,16,8,16,13,1:16.394,1:17.618,
1894,95,17,9,17,14,1:16.478,1:15.647,
1895,95,9,5,9,15,1:15.068,1:15.907,
1896,95,14,7,14,16,1:12.890,,
1897,95,19,10,19,17,1:17.495,,
1898,95,10,5,10,18,1:16.706,,
1899,95,12,6,12,19,1:16.080,,
1900,95,15,8,15,20,1:11.905,,
1901,96,5,3,5,1,1:15.511,1:13.572,1:13.367
1902,96,3,2,3,2,1:12.360,1:12.186,1:11.482
1903,96,2,1,2,3,1:15.193,1:15.056,1:15.553
1904,96,4,2,4,4,1:15.149,1:15.815,1:14.633
1905,96,6,3,6,5,1:16.651,1:15.670,1:14.538
1906,96,1,1,1,6,1:16.114,1:16.420,1:15.953
1907,96,11,6,11,7,1:18.498,1:17.582,1:17.746
1908,96,12,6,12,8,1:15.734,1:14.309,1:13.794
1909,96,19,10,19,9,1:11.826,1:10.726,1:10.330
1910,96,7,4,7,10,1:09.794,1:09.741,1:08.993
1911,96,9,5,9,11,1:12.735,1:12.892,
1912,96,17,9,17,12,1:15.478,1:14.745,
1913,96,10,5,10,13,1:14.937,1:13.515,
1914,96,16,8,16,14,1:17.021,1:17.395,
1915,96,8,4,8,15,1:11.348,1:11.304,
1916,96,14,7,14,16,1:13.106,,
1917,96,20,10,20,17,1:15.109,,
1918,96,13,7,13,18,1:12.885,,
1919,96,18,9,18,19,1:14.293,,
1920,96,15,8,15,20,1:14.897,,
1921,97,2,1,2,1,1:14.006,1:12.080,1:11.764
1922,97,1,1,1,2,1:16.284,1:15.281,1:15.073
1923,97,3,2,3,3,1:14.406,1:14.092,1:13.321
1924,97,12,6,12,4,1:12.842,1:11.582,1:10.810
1925,97,9,5,9,5,1:12.327,1:12.256,1:11.641
1926,97,5,3,5,6,1:13.257,1:14.791,1:13.228
1927,97,11,6,11,7,1:12.810,1:10.562,1:10.728
1928,97,4,2,4,8,1:18.706,1:17.232,1:17.128
1929,97,6,3,6,9,1:14.190,1:14.964,1:14.567
1930,97,13,7,13,10,1:15.090,1:14.148,1:14.029
1931,97,14,7,14,11,1:14.894,1:13.372,
1932,97,10,5,10,12,1:16.747,1:16.078,
1933,97,8,4,8,13,1:12.798,1:12.105,
1934,97,7,4,7,14,1:13.342,1:13.436,
1935,97,18,9,18,15,1:12.112,1:12.962,
1936,97,17,9,17,16,1:16.225,,
1937,97,19,10,19,17,1:13.798,,
1938,97,15,8,15,18,1:18.409,,
1939,97,16,8,16,19,1:17.418,,
1940,97,20,10,20,20,1:14.025,,
1941,98,5,3,5,1,1:14.671,1:14.362,1:13.375
1942,98,1,1,1,2,1:10.587,1:08.516,1:08.729
1943,98,11,6,11,3,1:13.078,1:12.321,1:12.138
1944,98,2,1,2,4,1:17.966,1:15.559,1:15.592
1945,98,4,2,4,5,1:14.676,1:13.858,1:12.420
1946,98,6,3,6,6,1:15.217,1:14.426,1:13.014
1947,98,3,2,3,7,1:16.743,1:15.826,1:14.468
1948,98,12,6,12,8,1:15.651,1:14.192,1:13.682
1949,98,8,4,8,9,1:14.600,1:14.642,1:13.707
1950,98,14,7,14,10,1:12.017,1:11.554,1:11.075
1951,98,10,5,10,11,1:14.364,1:13.279,
1952,98,19,10,19,12,1:11.374,1:10.295,
1953,98,17,9,17,13,1:13.358,1:13.955,
1954,98,7,4,7,14,1:11.637,1:11.400,
1955,98,15,8,15,15,1:14.342,1:14.692,
1956,98,16,8,16,16,1:16.318,,
1957,98,9,5,9,17,1:15.792,,
1958,98,20,10,20,18,1:14.823,,
1959,98,13,7,13,19,1:15.564,,
1960,98,18,9,18,20,1:13.452,,
1961,99,4,2,4,1,1:12.004,1:11.302,1:10.979
1962,99,3,2,3,2,1:17.563,1:16.011,1:16.336
1963,99,5,3,5,3,1:12.091,1:12.008,1:11.886
1964,99,1,1,1,4,1:13.707,1:13.378,1:12.501
1965,99,9,5,9,5,1:14.898,1:13.338,1:13.801
1966,99,13,7,13,6,1:17.932,1:14.011,1:14.494
1967,99,6,3,6,7,1:15.897,1:15.656,1:14.064
1968,99,12,6,12,8,1:13.571,1:12.994,1:12.768
1969,99,11,6,11,9,1:14.356,1:14.156,1:14.200
1970,99,19,10,19,10,1:16.406,1:16.611,1:15.104
1971,99,14,7,14,11,1:14.719,1:14.056,
1972,99,10,5,10,12,1:16.489,1:15.320,
1973,99,2,1,2,13,1:17.023,1:17.191,
1974,99,17,9,17,14,1:13.389,1:13.640,
1975,99,8,4,8,15,1:11.298,1:10.265,
1976,99,16,8,16,16,1:16.099,,
1977,99,7,4,7,17,1:16.065,,
1978,99,18,9,18,18,1:15.516,,
1979,99,20,10,20,19,1:10.204,,
1980,99,15,8,15,20,1:15.942,,
1981,100,2,1,2,1,1:13.617,1:12.617,1:11.614
1982,100,4,2,4,2,1:17.390,1:16.243,1:16.767
1983,100,1,1,1,3,1:16.861,1:14.771,1:13.818
1984,100,3,2,3,4,1:17.141,1:17.675,1:16.086
1985,100,6,3,6,5,1:09.359,1:10.942,1:09.214
1986,100,9,5,9,6,1:15.051,1:15.273,1:14.443
1987,100,5,3,5,7,1:16.006,1:14.494,1:14.738
1988,100,11,6,11,8,1:19.714,1:18.434,1:17.135
1989,100,7,4,7,9,1:17.407,1:15.916,1:15.913
1990,100,12,6,12,10,1:17.001,1:16.184,1:16.673
1991,100,14,7,14,11,1:16.021,1:15.211,
1992,100,10,5,10,12,1:13.517,1:12.243,
1993,100,8,4,8,13,1:15.953,1:15.959,
1994,100,16,8,16,14,1:13.650,1:12.410,
1995,100,19,10,19,15,1:18.317,1:18.436,
1996,100,13,7,13,16,1:17.226,,
1997,100,20,10,20,17,1:18.098,,
1998,100,17,9,17,18,1:13.791,,
1999,100,15,8,15,19,1:13.383,,
2000,100,18,9,18,20,1:16.262,,
2001,101,5,3,5,1,1:14.261,1:13.421,1:13.053
2002,101,1,1,1,2,1:15.546,1:14.057,1:14.502
2003,101,2,1,2,3,1:17.948,1:16.563,1:15.151
2004,101,6,3,6,4,1:14.431,1:13.578,1:13.680
2005,101,10,5,10,5,1:15.153,1:15.462,1:14.325
2006,101,3,2,3,6,1:16.284,1:17.082,1:16.649
2007,101,19,10,19,7,1:14.261,1:13.413,1:13.493
2008,101,11,6,11,8,1:15.431,1:15.519,1:15.789
2009,101,4,2,4,9,1:14.908,1:14.324,1:13.847
2010,101,12,6,12,10,1:16.706,1:16.113,1:16.214
2011,101,8,4,8,11,1:14.846,1:13.516,
2012,101,18,9,18,12,1:12.906,1:12.535,
2013,101,7,4,7,13,1:16.121,1:15.944,
2014,101,15,8,15,14,1:14.990,1:13.889,
2015,101,16,8,16,15,1:12.236,1:11.945,
2016,101,17,9,17,16,1:17.620,,
2017,101,20,10,20,17,1:15.416,,
2018,101,9,5,9,18,1:16.055,,
2019,101,13,7,13,19,1:14.366,,
2020,101,14,7,14,20,1:15.651,,
2021,102,6,3,6,1,1:12.604,1:12.732,1:12.409
2022,102,4,2,4,2,1:12.640,1:13.326,1:12.889
2023,102,2,1,2,3,1:17.732,1:16.901,1:16.574
2024,102,5,3,5,4,1:17.026,1:16.024,1:16.853
2025,102,7,4,7,5,1:19.380,1:18.169,1:17.289
2026,102,3,2,3,6,1:13.356,1:13.580,1:12.903
2027,102,1,1,1,7,1:16.831,1:16.304,1:16.018
2028,102,17,9,17,8,1:12.626,1:11.358,1:11.691
2029,102,11,6,11,9,1:10.606,1:10.597,1:10.388
2030,102,12,6,12,10,1:13.313,1:12.219,1:11.639
2031,102,16,8,16,11,1:16.936,1:15.559,
2032,102,10,5,10,12,1:12.686,1:11.945,
2033,102,8,4,8,13,1:16.053,1:15.422,
2034,102,14,7,14,14,1:14.878,1:15.099,
2035,102,15,8,15,15,1:10.836,1:11.149,
2036,102,19,10,19,16,1:18.244,,
2037,102,9,5,9,17,1:18.102,,
2038,102,18,9,18,18,1:19.225,,
2039,102,20,10,20,19,1:18.178,,
2040,102,13,7,13,20,1:12.352,,
2041,103,2,1,2,1,1:15.685,1:15.249,1:14.409
2042,103,4,2,4,2,1:16.281,1:15.694,1:15.344
2043,103,1,1,1,3,1:14.743,1:14.661,1:13.991
2044,103,12,6,12,4,1:15.892,1:15.254,1:14.078
2045,103,3,2,3,5,1:13.609,1:13.675,1:12.557
2046,103,11,6,11,6,1:14.668,1:13.203,1:13.657
2047,103,9,5,9,7,1:16.800,1:15.897,1:14.186
2048,103,18,9,18,8,1:16.684,1:16.019,1:16.890
2049,103,6,3,6,9,1:16.629,1:16.861,1:15.687
2050,103,17,9,17,10,1:13.850,1:13.440,1:13.283
2051,103,19,10,19,11,1:15.150,1:15.969,
2052,103,5,3,5,12,1:13.310,1:12.153,
2053,103,7,4,7,13,1:11.468,1:11.320,
2054,103,13,7,13,14,1:14.127,1:14.633,
2055,103,20,10,20,15,1:11.455,1:11.878,
2056,103,16,8,16,16,1:15.663,,
2057,103,10,5,10,17,1:17.474,,
2058,103,14,7,14,18,1:15.759,,
2059,103,8,4,8,19,1:10.580,,
2060,103,15,8,15,20,1:13.838,,
2061,104,2,1,2,1,1:19.802,1:18.755,1:16.120
2062,104,4,2,4,2,1:16.497,1:16.786,1:15.208
2063,104,6,3,6,3,1:12.842,1:12.295,1:11.234
2064,104,1,1,1,4,1:13.943,1:12.907,1:12.700
2065,104,7,4,7,5,1:11.640,1:11.242,1:10.355
2066,104,17,9,17,6,1:14.817,1:14.612,1:13.118
2067,104,8,4,8,7,1:13.817,1:12.470,1:11.155
2068,104,12,6,12,8,1:18.452,1:17.118,1:17.348
2069,104,5,3,5,9,1:11.266,1:12.730,1:11.437
2070,104,19,10,19,10,1:14.154,1:13.783,1:12.721
2071,104,10,5,10,11,1:14.575,1:14.691,
2072,104,20,10,20,12,1:12.763,1:10.444,
2073,104,3,2,3,13,1:16.456,1:16.718,
2074,104,9,5,9,14,1:14.100,1:13.057,
2075,104,18,9,18,15,1:18.777,1:16.420,
2076,104,11,6,11,16,1:14.463,,
2077,104,13,7,13,17,1:11.379,,
2078,104,14,7,14,18,1:14.111,,
2079,104,15,8,15,19,1:17.775,,
2080,104,16,8,16,20,1:13.067,,
2081,105,4,2,4,1,1:16.129,1:17.186,1:15.420
2082,105,1,1,1,2,1:14.736,1:14.786,1:13.834
2083,105,2,1,2,3,1:15.900,1:15.971,1:15.650
2084,105,6,3,6,4,1:17.193,1:15.790,1:15.271
2085,105,5,3,5,5,1:12.803,1:11.811,1:11.099
2086,105,3,2,3,6,1:16.125,1:16.821,1:16.637
2087,105,11,6,11,7,1:14.597,1:14.273,1:13.614
2088,105,8,4,8,8,1:15.146,1:15.435,1:14.011
2089,105,10,5,10,9,1:13.161,1:12.593,1:12.960
2090,105,18,9,18,10,1:17.551,1:16.725,1:16.431
2091,105,7,4,7,11,1:13.395,1:13.165,
2092,105,17,9,17,12,1:13.535,1:12.973,
2093,105,19,10,19,13,1:14.103,1:14.185,
2094,105,16,8,16,14,1:12.142,1:12.654,
2095,105,12,6,12,15,1:13.939,1:13.275,
2096,105,14,7,14,16,1:15.821,,
2097,105,20,10,20,17,1:13.237,,
2098,105,15,8,15,18,1:16.892,,
2099,105,9,5,9,19,1:14.269,,
2100,105,13,7,13,20,1:16.605,,
2101,106,4,2,4,1,1:13.925,1:13.077,1:12.228
2102,106,6,3,6,2,1:12.080,1:11.797,1:10.209
2103,106,5,3,5,3,1:15.853,1:15.995,1:14.099
2104,106,2,1,2,4,1:12.092,1:12.252,1:12.649
2105,106,11,6,11,5,1:15.187,1:15.607,1:14.644
2106,106,7,4,7,6,1:14.256,1:13.217,1:13.266
2107,106,16,8,16,7,1:14.344,1:14.726,1:13.074
2108,106,12,6,12,8,1:16.997,1:16.105,1:16.069
2109,106,8,4,8,9,1:12.752,1:11.506,1:11.235
2110,106,3,2,3,10,1:13.632,1:13.490,1:13.682
2111,106,1,1,1,11,1:13.196,1:14.045,
2112,106,18,9,18,12,1:14.301,1:14.117,
2113,106,14,7,14,13,1:13.771,1:13.424,
2114,106,13,7,13,14,1:15.176,1:15.026,
2115,106,9,5,9,15,1:15.768,1:15.985,
2116,106,19,10,19,16,1:12.577,,
2117,106,10,5,10,17,1:16.257,,
2118,106,20,10,20,18,1:14.473,,
2119,106,15,8,15,19,1:12.269,,
2120,106,17,9,17,20,1:14.355,,
2121,107,1,1,1,1,1:14.334,1:14.467,1:13.936
2122,107,6,3,6,2,1:15.172,1:14.606,1:13.320
2123,107,3,2,3,3,1:16.263,1:15.300,1:15.455
2124,107,2,1,2,4,1:13.484,1:12.960,1:12.456
2125,107,12,6,12,5,1:16.215,1:15.163,1:15.224
2126,107,4,2,4,6,1:18.008,1:18.513,1:17.292
2127,107,11,6,11,7,1:14.647,1:14.819,1:13.330
2128,107,5,3,5,8,1:15.732,1:15.524,1:14.504
2129,107,9,5,9,9,1:13.446,1:13.185,1:12.248
2130,107,14,7,14,10,1:11.966,1:11.425,1:11.043
2131,107,8,4,8,11,1:16.631,1:15.401,
2132,107,7,4,7,12,1:13.027,1:13.106,
2133,107,18,9,18,13,1:15.688,1:15.127,
2134,107,16,8,16,14,1:17.382,1:16.722,
2135,107,19,10,19,15,1:18.359,1:17.320,
2136,107,10,5,10,16,1:12.060,,
2137,107,13,7,13,17,1:19.243,,
2138,107,20,10,20,18,1:17.020,,
2139,107,17,9,17,19,1:15.077,,
2140,107,15,8,15,20,1:15.956,,
2141,108,4,2,4,1,1:17.837,1:17.404,1:17.356
2142,108,6,3,6,2,1:17.622,1:15.850,1:15.335
2143,108,5,3,5,3,1:14.359,1:13.519,1:13.072
2144,108,2,1,2,4,1:10.084,1:10.495,1:09.078
2145,108,11,6,11,5,1:14.936,1:13.412,1:13.162
2146,108,3,2,3,6,1:13.492,1:13.324,1:13.369
2147,108,19,10,19,7,1:19.353,1:18.114,1:18.407
2148,108,12,6,12,8,1:16.449,1:16.440,1:15.188
2149,108,10,5,10,9,1:15.580,1:14.991,1:13.475
2150,108,1,1,1,10,1:17.250,1:17.219,1:16.159
2151,108,7,4,7,11,1:12.463,1:11.497,
2152,108,8,4,8,12,1:11.397,1:11.067,
2153,108,9,5,9,13,1:14.799,1:12.723,
2154,108,13,7,13,14,1:13.487,1:14.169,
2155,108,14,7,14,15,1:18.557,1:17.170,
2156,108,15,8,15,16,1:14.917,,
2157,108,17,9,17,17,1:15.405,,
2158,108,18,9,18,18,1:14.860,,
2159,108,20,10,20,19,1:17.538,,
2160,108,16,8,16,20,1:11.133,,
2161,109,4,2,4,1,1:13.095,1:13.665,1:12.539
2162,109,5,3,5,2,1:14.970,1:13.605,1:13.091
2163,109,11,6,11,3,1:14.866,1:14.980,1:13.645
2164,109,1,1,1,4,1:17.797,1:17.946,1:16.596
2165,109,2,1,2,5,1:15.499,1:15.198,1:14.374
2166,109,3,2,3,6,1:14.622,1:14.470,1:14.411
2167,109,6,3,6,7,1:15.926,1:14.824,1:14.907
2168,109,13,7,13,8,1:12.318,1:12.440,1:11.340
2169,109,19,10,19,9,1:11.901,1:12.360,1:11.791
2170,109,17,9,17,10,1:12.949,1:12.446,1:12.075
2171,109,12,6,12,11,1:11.770,1:10.533,
2172,109,10,5,10,12,1:12.139,1:12.640,
2173,109,16,8,16,13,1:13.372,1:12.196,
2174,109,20,10,20,14,1:19.567,1:17.009,
2175,109,9,5,9,15,1:12.487,1:11.843,
2176,109,18,9,18,16,1:12.306,,
2177,109,8,4,8,17,1:15.592,,
2178,109,15,8,15,18,1:14.949,,
2179,109,7,4,7,19,1:15.013,,
2180,109,14,7,14,20,1:14.039,,
2181,110,5,3,5,1,1:16.877,1:16.672,1:15.371
2182,110,1,1,1,2,1:12.326,1:13.940,1:11.699
2183,110,2,1,2,3,1:17.199,1:16.382,1:15.427
2184,110,6,3,6,4,1:14.254,1:13.528,1:13.504
2185,110,11,6,11,5,1:17.720,1:16.512,1:15.868
2186,110,4,2,4,6,1:10.554,1:11.427,1:10.549
2187,110,3,2,3,7,1:17.135,1:18.433,1:17.847
2188,110,7,4,7,8,1:16.892,1:15.627,1:15.203
2189,110,10,5,10,9,1:14.518,1:13.861,1:13.883
2190,110,14,7,14,10,1:12.340,1:13.569,1:12.301
2191,110,20,10,20,11,1:13.897,1:13.615,
2192,110,8,4,8,12,1:09.282,1:09.404,
2193,110,15,8,15,13,1:14.470,1:14.931,
2194,110,13,7,13,14,1:16.035,1:16.382,
2195,110,16,8,16,15,1:13.329,1:13.651,
2196,110,17,9,17,16,1:15.454,,
2197,110,18,9,18,17,1:14.454,,
2198,110,9,5,9,18,1:12.374,,
2199,110,12,6,12,19,1:11.043,,
2200,110,19,10,19,20,1:14.745,,
2201,111,1,1,1,1,1:17.493,1:18.233,1:17.106
2202,111,6,3,6,2,1:20.368,1:19.209,1:19.465
2203,111,4,2,4,3,1:12.997,1:12.336,1:11.715
2204,111,2,1,2,4,1:12.550,1:12.941,1:11.673
2205,111,5,3,5,5,1:14.853,1:13.463,1:13.967
2206,111,10,5,10,6,1:14.533,1:15.605,1:14.356
2207,111,11,6,11,7,1:11.974,1:11.894,1:10.308
2208,111,12,6,12,8,1:14.744,1:13.517,1:13.616
2209,111,8,4,8,9,1:16.914,1:15.709,1:15.609
2210,111,3,2,3,10,1:13.781,1:14.291,1:13.263
2211,111,14,7,14,11,1:13.516,1:13.722,
2212,111,7,4,7,12,1:13.100,1:13.639,
2213,111,18,9,18,13,1:15.450,1:15.268,
2214,111,19,10,19,14,1:18.901,1:18.761,
2215,111,16,8,16,15,1:15.078,1:15.629,
2216,111,17,9,17,16,1:13.369,,
2217,111,9,5,9,17,1:15.740,,
2218,111,20,10,20,18,1:12.832,,
2219,111,15,8,15,19,1:13.685,,
2220,111,13,7,13,20,1:16.396,,
2221,112,4,2,4,1,1:17.607,1:16.187,1:16.474
2222,112,2,1,2,2,1:11.025,1:11.873,1:11.536
2223,112,5,3,5,3,1:14.938,1:13.759,1:13.555
2224,112,1,1,1,4,1:14.970,1:13.598,1:13.741
2225,112,6,3,6,5,1:12.686,1:12.647,1:11.618
2226,112,3,2,3,6,1:16.080,1:16.704,1:15.725
2227,112,11,6,11,7,1:14.272,1:13.929,1:13.872
2228,112,8,4,8,8,1:10.963,1:10.817,1:10.125
2229,112,12,6,12,9,1:12.461,1:13.624,1:12.104
2230,112,10,5,10,10,1:16.093,1:15.882,1:15.451
2231,112,17,9,17,11,1:18.297,1:17.419,
2232,112,18,9,18,12,1:16.283,1:15.602,
2233,112,9,5,9,13,1:16.349,1:15.332,
2234,112,13,7,13,14,1:19.847,1:19.662,
2235,112,7,4,7,15,1:18.391,1:18.437,
2236,112,16,8,16,16,1:13.561,,
2237,112,14,7,14,17,1:13.511,,
2238,112,20,10,20,18,1:16.479,,
2239,112,19,10,19,19,1:11.962,,
2240,112,15,8,15,20,1:18.715,,
2241,113,2,1,2,1,1:15.795,1:16.291,1:14.420
2242,113,4,2,4,2,1:12.769,1:12.555,1:11.290
2243,113,11,6,11,3,1:14.507,1:14.070,1:13.160
2244,113,5,3,5,4,1:16.175,1:16.209,1:15.995
2245,113,14,7,14,5,1:15.311,1:15.539,1:14.150
2246,113,3,2,3,6,1:16.932,1:15.350,1:15.517
2247,113,12,6,12,7,1:14.319,1:13.045,1:13.240
2248,113,19,10,19,8,1:15.485,1:15.317,1:15.834
2249,113,1,1,1,9,1:15.587,1:14.793,1:14.592
2250,113,7,4,7,10,1:16.224,1:15.382,1:15.497
2251,113,8,4,8,11,1:14.968,1:14.081,
2252,113,16,8,16,12,1:14.962,1:13.863,
2253,113,17,9,17,13,1:13.620,1:13.389,
2254,113,6,3,6,14,1:13.453,1:12.508,
2255,113,9,5,9,15,1:16.808,1:17.911,
2256,113,18,9,18,16,1:14.440,,
2257,113,10,5,10,17,1:18.071,,
2258,113,15,8,15,18,1:15.146,,
2259,113,13,7,13,19,1:16.506,,
2260,113,20,10,20,20,1:13.900,,
2261,114,6,3,6,1,1:15.256,1:14.107,1:14.580
2262,114,4,2,4,2,1:16.759,1:16.770,1:15.329
2263,114,1,1,1,3,1:15.187,1:15.437,1:14.884
2264,114,3,2,3,4,1:14.180,1:13.409,1:13.515
2265,114,2,1,2,5,1:18.385,1:18.072,1:17.602
2266,114,5,3,5,6,1:13.736,1:13.895,1:12.229
2267,114,10,5,10,7,1:12.341,1:11.473,1:11.806
2268,114,8,4,8,8,1:14.016,1:14.218,1:13.595
2269,114,13,7,13,9,1:11.695,1:11.643,1:11.081
2270,114,12,6,12,10,1:14.719,1:14.660,1:13.776
2271,114,9,5,9,11,1:12.622,1:12.682,
2272,114,18,9,18,12,1:18.391,1:18.653,
2273,114,14,7,14,13,1:13.514,1:13.550,
2274,114,11,6,11,14,1:12.786,1:11.975,
2275,114,15,8,15,15,1:18.387,1:16.077,
2276,114,19,10,19,16,1:14.595,,
2277,114,7,4,7,17,1:14.665,,
2278,114,20,10,20,18,1:16.737,,
2279,114,17,9,17,19,1:16.694,,
2280,114,16,8,16,20,1:17.650,,
2281,115,2,1,2,1,1:13.330,1:13.856,1:12.371
2282,115,4,2,4,2,1:13.767,1:12.531,1:11.307
2283,115,1,1,1,3,1:14.963,1:14.471,1:13.966
2284,115,6,3,6,4,1:13.262,1:13.293,1:12.977
2285,115,5,3,5,5,1:17.643,1:16.524,1:15.731
2286,115,10,5,10,6,1:14.231,1:15.932,1:13.567
2287,115,3,2,3,7,1:18.387,1:17.360,1:17.131
2288,115,11,6,11,8,1:11.037,1:11.872,1:10.757
2289,115,7,4,7,9,1:15.924,1:16.074,1:15.439
2290,115,9,5,9,10,1:20.276,1:20.549,1:19.307
2291,115,12,6,12,11,1:13.413,1:13.880,
2292,115,18,9,18,12,1:15.455,1:15.728,
2293,115,17,9,17,13,1:14.765,1:13.385,
2294,115,8,4,8,14,1:18.139,1:18.228,
2295,115,19,10,19,15,1:11.096,1:11.477,
2296,115,13,7,13,16,1:15.295,,
2297,115,20,10,20,17,1:19.971,,
2298,115,15,8,15,18,1:16.426,,
2299,115,16,8,16,19,1:15.309,,
2300,115,14,7,14,20,1:14.652,,
